account_id,company_name,industry,customer_segment,contract_type,payment_method,tenure_months,monthly_charges,total_charges,contract_licenses,active_users,support_tickets_30d,sla_breaches_90d,nps_score,last_login_days_ago,feature_usage_score,executive_sponsor_present,discount_percentage,paperless_billing,auto_renewal,churn
AC-1001,Synergy Corp,Healthcare,Mid-Market,Month-to-Month,Manual Wire,4,1187.36,4561.56,75,48,5,2,8,5,90.0,0,0,1,1,1
AC-1002,Zenith Cloud,E-Commerce,Mid-Market,Month-to-Month,Auto-Invoice,3,1279.08,3819.61,63,36,3,0,4,0,97.2,1,0,1,1,1
AC-1003,Quantum Labs,Enterprise Tech,SMB,Month-to-Month,ACH Direct Debit,52,664.73,34540.94,5,4,3,2,8,4,81.8,1,0,1,1,0
AC-1004,Synergy Logistics,Enterprise Tech,Enterprise,Month-to-Month,ACH Direct Debit,28,2061.89,57047.84,450,289,3,0,3,1,100.0,0,5,1,0,0
AC-1005,Nexus Networks,E-Commerce,Mid-Market,Month-to-Month,Auto-Invoice,70,1007.11,68278.91,77,36,6,1,10,40,57.7,1,25,1,1,0
AC-1006,Aegis Cloud,Enterprise Tech,Enterprise,2-Year Fixed,Auto-Invoice,70,2885.57,199067.43,353,231,4,0,7,1,53.0,1,15,1,0,0
AC-1007,Quantum Labs,Enterprise Tech,Mid-Market,Month-to-Month,ACH Direct Debit,55,1258.4,68087.7,36,14,1,0,7,1,94.4,1,10,1,0,0
AC-1008,Starlight Capital,Enterprise Tech,SMB,1-Year Fixed,Auto-Invoice,57,667.24,38029.89,20,16,3,1,6,6,70.2,1,15,0,1,0
AC-1009,Quantum Global,Professional Services,Mid-Market,Month-to-Month,ACH Direct Debit,16,1977.1,32186.18,75,40,6,1,3,4,43.2,0,10,0,1,1
AC-1010,Hyperion Labs,E-Commerce,SMB,Month-to-Month,Credit Card,24,614.12,15429.01,24,12,2,1,10,0,62.3,0,5,1,1,0
AC-1011,Vortex Capital,Financial Services,Mid-Market,3-Year Enterprise,Credit Card,69,1107.21,73678.99,30,29,1,3,10,0,72.6,0,0,1,0,0
AC-1012,Crest Technologies,Financial Services,Mid-Market,Month-to-Month,ACH Direct Debit,41,1046.05,44487.85,17,14,2,0,6,10,56.4,0,10,1,0,1
AC-1013,Vortex Data,Financial Services,Enterprise,2-Year Fixed,Auto-Invoice,47,4200.44,193159.91,195,166,4,0,9,4,49.7,1,0,1,0,0
AC-1014,Omni Systems,Logistics,Mid-Market,1-Year Fixed,Credit Card,69,1295.41,90200.01,61,45,3,1,6,0,64.3,1,5,1,1,0
AC-1015,Crest Logistics,E-Commerce,Mid-Market,Month-to-Month,Auto-Invoice,31,1440.02,44849.26,56,50,3,1,8,3,48.8,1,15,1,1,0
AC-1016,Hyperion Data,Enterprise Tech,Enterprise,3-Year Enterprise,Auto-Invoice,30,3665.17,110581.28,119,99,4,2,9,1,79.4,1,0,1,1,0
AC-1017,Acme Systems,Enterprise Tech,Mid-Market,Month-to-Month,Credit Card,18,1357.32,24977.46,37,27,1,1,8,1,33.0,1,0,0,1,0
AC-1018,Aegis Cloud,Enterprise Tech,Mid-Market,2-Year Fixed,ACH Direct Debit,44,984.51,42805.93,17,17,5,1,10,19,69.6,1,0,0,1,0
AC-1019,Velocity Logistics,E-Commerce,Mid-Market,Month-to-Month,Auto-Invoice,27,1622.89,43025.36,15,7,6,0,8,2,77.4,1,10,1,0,0
AC-1020,Crest Data,Logistics,Mid-Market,2-Year Fixed,Credit Card,26,1765.54,47523.69,17,16,1,0,7,0,66.4,1,0,0,1,0
AC-1021,Velocity Global,Financial Services,Mid-Market,Month-to-Month,Credit Card,60,1600.73,93355.49,63,37,6,2,6,21,87.7,0,5,1,1,0
AC-1022,Crest Networks,Enterprise Tech,Enterprise,1-Year Fixed,Auto-Invoice,18,4579.92,79802.55,346,232,0,3,6,9,43.3,0,5,1,1,1
AC-1023,Starlight Health,Enterprise Tech,Enterprise,2-Year Fixed,Auto-Invoice,56,2600.59,138578.68,480,185,3,0,9,1,55.4,1,5,1,0,0
AC-1024,Nexus Labs,Professional Services,Mid-Market,3-Year Enterprise,Manual Wire,31,1596.97,48073.25,45,31,5,1,4,3,62.1,0,0,0,1,0
AC-1025,Nexus Networks,Financial Services,Mid-Market,3-Year Enterprise,ACH Direct Debit,59,1191.76,70444.14,78,57,5,1,10,12,80.8,1,25,1,0,0
AC-1026,Omni Health,Logistics,Enterprise,2-Year Fixed,Credit Card,2,2414.09,4846.77,322,321,4,0,7,2,71.9,1,5,1,1,0
AC-1027,Synergy Solutions,E-Commerce,SMB,2-Year Fixed,Credit Card,39,200.82,7639.64,7,7,7,0,5,5,100.0,1,10,0,1,0
AC-1028,Starlight Health,Financial Services,SMB,Month-to-Month,Auto-Invoice,61,467.96,27324.59,12,12,2,1,5,4,53.5,0,10,0,0,0
AC-1029,Crest Solutions,Enterprise Tech,Mid-Market,Month-to-Month,Credit Card,63,1178.86,76085.08,61,33,4,0,9,3,42.9,1,5,1,0,0
AC-1030,Titan Health,Enterprise Tech,Enterprise,Month-to-Month,Credit Card,18,2377.45,43898.08,102,101,4,1,7,6,100.0,1,0,1,1,0
AC-1031,Titan Labs,E-Commerce,SMB,1-Year Fixed,Credit Card,17,245.1,4374.13,18,11,1,2,10,3,42.2,1,5,0,1,0
AC-1032,Vortex Corp,Logistics,Mid-Market,1-Year Fixed,Auto-Invoice,39,1618.79,65658.31,72,65,4,0,5,0,80.3,1,10,1,1,0
AC-1033,Crest Data,E-Commerce,SMB,1-Year Fixed,Auto-Invoice,71,568.85,42109.14,19,9,7,2,6,10,50.4,1,5,1,1,0
AC-1034,Synergy Data,Healthcare,SMB,Month-to-Month,Auto-Invoice,54,702.51,39066.79,7,5,4,0,7,0,30.8,1,0,1,1,0
AC-1035,Zenith Capital,Enterprise Tech,SMB,1-Year Fixed,Manual Wire,35,310.14,10980.28,5,5,3,0,6,3,61.3,1,0,1,0,1
AC-1036,Velocity Global,Professional Services,Mid-Market,Month-to-Month,Credit Card,11,1211.97,12836.46,39,38,1,0,7,5,84.2,1,5,1,1,0
AC-1037,Solstice Systems,Logistics,Enterprise,Month-to-Month,Credit Card,61,3448.03,212902.44,126,98,4,1,8,7,46.0,1,0,0,1,1
AC-1038,Starlight Solutions,Financial Services,Mid-Market,1-Year Fixed,Auto-Invoice,44,1394.48,58632.59,28,24,3,0,8,3,78.4,0,20,1,0,0
AC-1039,Quantum Corp,Professional Services,Mid-Market,2-Year Fixed,Auto-Invoice,68,1931.0,136367.29,59,25,2,0,10,8,81.7,1,0,1,0,0
AC-1040,Vortex Technologies,E-Commerce,Mid-Market,2-Year Fixed,ACH Direct Debit,25,1436.91,35857.45,53,43,5,1,4,0,45.1,0,5,0,0,1
AC-1041,Hyperion Logistics,Healthcare,Enterprise,1-Year Fixed,Credit Card,48,2131.93,104353.43,67,49,3,1,8,6,63.9,1,10,1,0,0
AC-1042,Starlight Technologies,E-Commerce,Enterprise,Month-to-Month,Credit Card,32,2052.09,62726.6,404,147,4,0,6,10,96.4,0,15,1,1,0
AC-1043,Zenith Solutions,Logistics,SMB,1-Year Fixed,Auto-Invoice,4,562.31,2256.94,6,2,6,1,8,13,79.7,1,5,1,0,0
AC-1044,Titan Data,E-Commerce,Mid-Market,Month-to-Month,ACH Direct Debit,38,1894.49,70559.9,20,8,5,0,8,5,63.3,1,0,0,1,0
AC-1045,Vortex Logistics,Enterprise Tech,SMB,1-Year Fixed,Auto-Invoice,63,693.86,42773.21,20,16,3,1,5,2,75.5,1,0,1,1,0
AC-1046,Solstice Corp,Financial Services,SMB,1-Year Fixed,Auto-Invoice,47,754.3,35060.91,5,2,4,1,5,1,55.7,1,5,1,0,0
AC-1047,Solstice Capital,Manufacturing,Mid-Market,Month-to-Month,Credit Card,1,916.54,870.77,17,11,6,1,8,2,88.0,1,5,1,0,1
AC-1048,Solstice Networks,Enterprise Tech,Mid-Market,Month-to-Month,Auto-Invoice,3,1785.41,5338.37,19,10,4,1,7,4,88.0,0,5,1,1,0
AC-1049,Crest Health,Financial Services,SMB,3-Year Enterprise,Auto-Invoice,62,235.4,14575.19,10,7,3,0,7,1,70.2,1,0,1,0,0
AC-1050,Solstice Capital,Financial Services,Mid-Market,3-Year Enterprise,Credit Card,64,1988.65,131895.3,68,54,2,0,9,18,72.2,1,20,1,0,0
AC-1051,Omni Solutions,Financial Services,Mid-Market,1-Year Fixed,Credit Card,17,654.06,11061.79,48,37,6,1,9,13,50.0,1,0,0,0,0
AC-1052,Velocity Labs,E-Commerce,Enterprise,Month-to-Month,ACH Direct Debit,62,3330.17,203653.38,426,282,4,0,6,0,43.7,1,5,1,0,0
AC-1053,Quantum Logistics,Professional Services,Mid-Market,Month-to-Month,Credit Card,35,914.49,33590.69,62,39,5,3,5,5,61.2,0,25,0,0,1
AC-1054,Acme Data,Enterprise Tech,Mid-Market,1-Year Fixed,Auto-Invoice,13,1735.55,22722.82,63,36,1,1,5,9,66.4,1,10,1,0,0
AC-1055,Crest Data,Enterprise Tech,Enterprise,3-Year Enterprise,Auto-Invoice,35,2179.88,76086.85,105,95,2,0,7,1,87.1,1,5,1,1,0
AC-1056,Zenith Health,Enterprise Tech,Enterprise,Month-to-Month,Manual Wire,43,4233.87,181982.42,88,47,2,1,4,4,84.6,0,0,0,0,1
AC-1057,Zenith Systems,Manufacturing,Mid-Market,2-Year Fixed,Credit Card,2,645.44,1330.79,32,15,7,0,7,3,71.3,1,20,1,1,0
AC-1058,Acme Networks,E-Commerce,Enterprise,Month-to-Month,ACH Direct Debit,56,2005.04,110493.32,177,145,5,4,10,1,89.4,1,0,1,0,0
AC-1059,Acme Capital,Financial Services,Enterprise,3-Year Enterprise,Auto-Invoice,51,3168.43,159798.87,440,243,5,0,6,5,51.0,0,10,1,0,0
AC-1060,Apex Data,Logistics,Mid-Market,1-Year Fixed,Credit Card,54,786.2,43541.11,28,25,6,1,6,31,87.4,1,15,0,1,0
AC-1061,Quantum Capital,Manufacturing,SMB,2-Year Fixed,Auto-Invoice,16,501.54,7681.97,7,4,2,0,10,2,53.8,1,0,1,0,0
AC-1062,Velocity Cloud,Logistics,Mid-Market,Month-to-Month,Credit Card,18,669.73,12495.36,29,23,1,1,10,4,90.3,1,10,1,0,0
AC-1063,Nexus Systems,Manufacturing,Enterprise,1-Year Fixed,Manual Wire,7,4388.19,30502.93,257,85,6,0,6,2,67.8,1,25,0,1,1
AC-1064,Quantum Global,Financial Services,Enterprise,Month-to-Month,Manual Wire,45,3190.3,144730.57,364,207,2,0,7,12,32.0,1,10,1,0,1
AC-1065,Nexus Systems,Logistics,Mid-Market,Month-to-Month,Credit Card,36,1116.43,41226.31,34,18,2,0,8,12,81.1,1,5,1,1,0
AC-1066,Aegis Labs,Healthcare,Mid-Market,3-Year Enterprise,Credit Card,41,1765.89,70707.67,69,60,3,2,8,1,82.6,1,15,1,0,0
AC-1067,Titan Networks,Logistics,SMB,3-Year Enterprise,Manual Wire,42,760.29,33178.54,11,11,6,1,10,14,59.8,1,10,1,0,0
AC-1068,Titan Health,E-Commerce,Mid-Market,2-Year Fixed,Credit Card,7,1618.97,11875.89,28,17,4,1,7,1,61.3,0,10,1,0,0
AC-1069,Crest Networks,Logistics,SMB,1-Year Fixed,Auto-Invoice,15,665.77,9980.83,19,17,2,5,8,0,65.1,1,10,1,1,0
AC-1070,Acme Capital,E-Commerce,Enterprise,2-Year Fixed,Credit Card,60,2297.23,143856.27,273,216,1,4,9,6,33.3,1,0,1,1,0
AC-1071,Crest Solutions,Enterprise Tech,Mid-Market,Month-to-Month,Auto-Invoice,40,1043.45,39655.81,15,15,2,0,10,3,25.4,0,0,0,1,0
AC-1072,Apex Networks,Healthcare,Enterprise,Month-to-Month,Credit Card,37,4127.41,158734.74,74,64,3,0,9,4,91.4,1,0,1,1,0
AC-1073,Synergy Capital,Professional Services,SMB,Month-to-Month,Credit Card,66,512.89,33211.11,20,7,1,1,8,6,53.2,1,0,0,1,0
AC-1074,Omni Global,Professional Services,Mid-Market,1-Year Fixed,Credit Card,55,1857.04,100211.87,74,59,1,1,4,0,100.0,1,0,1,1,0
AC-1075,Crest Capital,Enterprise Tech,Mid-Market,1-Year Fixed,Auto-Invoice,56,939.61,51187.41,39,26,4,2,6,2,92.7,1,5,1,1,0
AC-1076,Hyperion Cloud,Enterprise Tech,Enterprise,Month-to-Month,Auto-Invoice,44,2549.9,110142.58,184,57,4,2,9,3,96.2,1,0,1,1,0
AC-1077,Nexus Systems,Enterprise Tech,Enterprise,1-Year Fixed,Credit Card,57,2989.7,165530.31,491,234,4,0,8,1,56.3,1,15,1,0,0
AC-1078,Nexus Labs,E-Commerce,Mid-Market,2-Year Fixed,ACH Direct Debit,6,1409.88,8802.62,26,25,2,0,9,0,39.0,0,15,1,1,0
AC-1079,Velocity Global,Logistics,Enterprise,1-Year Fixed,Credit Card,32,4106.62,136655.48,115,109,4,2,10,0,48.4,1,10,1,1,0
AC-1080,Apex Labs,Enterprise Tech,Mid-Market,Month-to-Month,Auto-Invoice,18,1929.44,33348.4,47,40,4,1,5,9,60.0,1,5,1,0,1
AC-1081,Titan Networks,Healthcare,Enterprise,Month-to-Month,Manual Wire,68,3257.95,213628.46,472,466,4,1,10,14,25.3,1,0,1,1,0
AC-1082,Velocity Networks,Logistics,Mid-Market,Month-to-Month,Manual Wire,7,732.82,5315.45,56,48,2,1,7,1,59.4,1,5,1,1,0
AC-1083,Aegis Health,E-Commerce,SMB,Month-to-Month,Auto-Invoice,8,260.17,2060.33,9,3,6,1,9,1,64.4,0,10,1,0,0
AC-1084,Velocity Logistics,Healthcare,SMB,1-Year Fixed,Auto-Invoice,64,401.67,24856.68,15,8,4,3,7,6,44.7,0,15,0,1,0
AC-1085,Titan Data,Healthcare,SMB,1-Year Fixed,ACH Direct Debit,7,427.53,2995.9,17,5,7,1,10,18,49.3,1,0,0,1,0
AC-1086,Zenith Global,Healthcare,Enterprise,1-Year Fixed,ACH Direct Debit,41,3154.78,128268.11,434,159,3,0,7,2,64.0,1,10,0,1,0
AC-1087,Velocity Networks,Financial Services,Enterprise,1-Year Fixed,Manual Wire,40,3218.73,125133.43,496,225,2,1,6,11,74.4,1,10,1,0,0
AC-1088,Apex Corp,Healthcare,Mid-Market,2-Year Fixed,ACH Direct Debit,3,1334.23,4091.05,45,29,0,1,8,4,52.0,1,10,1,0,1
AC-1089,Zenith Corp,E-Commerce,Mid-Market,Month-to-Month,Credit Card,17,1973.27,33986.01,37,33,2,2,8,19,73.3,0,0,0,0,1
AC-1090,Solstice Labs,Manufacturing,Mid-Market,1-Year Fixed,Credit Card,66,1373.96,87051.04,68,61,1,0,10,0,70.5,0,5,0,0,0
AC-1091,Synergy Networks,E-Commerce,Enterprise,2-Year Fixed,Auto-Invoice,52,1825.17,98946.14,431,315,3,1,8,22,68.8,0,5,1,1,0
AC-1092,Zenith Cloud,Logistics,Enterprise,Month-to-Month,Auto-Invoice,22,3999.63,88506.35,173,164,4,0,10,3,56.3,1,5,1,1,1
AC-1093,Zenith Corp,Enterprise Tech,Enterprise,Month-to-Month,Credit Card,4,2237.64,8726.98,463,301,5,3,7,18,44.0,0,5,1,1,1
AC-1094,Zenith Networks,Healthcare,SMB,2-Year Fixed,Credit Card,6,240.53,1400.79,6,6,1,0,7,3,98.5,1,0,0,0,0
AC-1095,Aegis Global,Enterprise Tech,Enterprise,Month-to-Month,Credit Card,38,4131.81,151292.84,327,202,1,1,6,4,79.3,1,0,1,0,0
AC-1096,Hyperion Data,Enterprise Tech,Mid-Market,1-Year Fixed,ACH Direct Debit,26,1274.93,32898.37,58,29,5,1,7,10,86.1,1,0,1,1,1
AC-1097,Vortex Logistics,E-Commerce,Enterprise,Month-to-Month,Auto-Invoice,11,3562.98,37764.36,430,405,3,3,8,7,66.5,1,0,1,1,1
AC-1098,Zenith Health,Professional Services,Mid-Market,1-Year Fixed,Credit Card,17,803.16,13538.78,73,42,8,0,8,5,65.0,1,0,1,1,0
AC-1099,Omni Technologies,Enterprise Tech,Mid-Market,Month-to-Month,Auto-Invoice,31,1288.91,38552.83,52,34,3,0,7,3,76.8,1,0,1,1,0
AC-1100,Crest Data,Financial Services,SMB,Month-to-Month,Credit Card,35,223.49,7944.81,15,8,5,3,6,9,35.0,1,0,1,1,1
AC-1101,Crest Data,Logistics,SMB,1-Year Fixed,ACH Direct Debit,16,761.58,12532.86,6,5,2,1,5,18,47.9,1,10,1,0,0
AC-1102,Starlight Cloud,Enterprise Tech,Mid-Market,Month-to-Month,Credit Card,18,662.27,11979.9,56,56,5,1,6,0,53.6,1,15,1,1,1
AC-1103,Titan Networks,Healthcare,SMB,1-Year Fixed,Manual Wire,62,604.41,38148.15,8,3,5,1,10,5,59.8,1,5,0,0,0
AC-1104,Crest Health,E-Commerce,SMB,Month-to-Month,Auto-Invoice,27,280.04,7892.54,13,12,3,1,10,12,52.2,1,5,1,1,0
AC-1105,Synergy Systems,E-Commerce,SMB,Month-to-Month,Credit Card,35,727.94,25830.44,21,6,4,0,7,6,74.0,1,15,1,1,0
AC-1106,Apex Health,Enterprise Tech,SMB,Month-to-Month,Auto-Invoice,45,506.43,22479.78,21,12,4,1,5,9,69.5,1,10,1,1,0
AC-1107,Aegis Health,Financial Services,Enterprise,Month-to-Month,Credit Card,35,2123.27,73939.01,167,70,4,1,7,13,93.1,1,0,1,0,0
AC-1108,Starlight Health,Logistics,Mid-Market,3-Year Enterprise,ACH Direct Debit,28,844.58,24500.82,19,16,8,1,10,8,100.0,1,10,1,1,0
AC-1109,Nexus Networks,Healthcare,Enterprise,Month-to-Month,Credit Card,9,3263.47,28286.61,497,167,4,0,9,7,45.3,1,5,1,0,0
AC-1110,Hyperion Capital,Enterprise Tech,Enterprise,1-Year Fixed,ACH Direct Debit,15,4247.61,62603.85,231,159,2,1,8,20,70.7,1,10,1,0,1
AC-1111,Aegis Health,Logistics,SMB,Month-to-Month,Auto-Invoice,21,590.35,12493.16,19,10,1,0,9,12,70.6,1,25,1,1,1
AC-1112,Solstice Labs,Enterprise Tech,Mid-Market,Month-to-Month,ACH Direct Debit,52,1049.89,55557.27,32,13,2,1,10,10,67.7,1,5,1,1,0
AC-1113,Apex Global,E-Commerce,Mid-Market,3-Year Enterprise,Auto-Invoice,35,1614.45,57994.67,20,17,0,0,5,0,48.5,0,20,1,1,0
AC-1114,Titan Data,Enterprise Tech,SMB,Month-to-Month,ACH Direct Debit,51,204.68,10248.91,19,9,4,2,6,1,51.5,0,5,1,1,1
AC-1115,Quantum Cloud,Professional Services,SMB,3-Year Enterprise,Auto-Invoice,55,616.21,32691.31,13,6,4,1,6,5,72.3,1,5,1,0,0
AC-1116,Hyperion Capital,Financial Services,SMB,Month-to-Month,Auto-Invoice,44,393.6,18106.11,9,4,3,0,8,7,51.0,0,5,0,0,1
AC-1117,Acme Corp,Financial Services,Enterprise,2-Year Fixed,Credit Card,65,2677.89,166689.41,213,151,6,0,8,2,70.9,1,15,0,0,0
AC-1118,Apex Systems,Enterprise Tech,Enterprise,1-Year Fixed,Manual Wire,25,4765.42,114320.11,410,312,2,1,9,0,63.6,0,0,1,1,0
AC-1119,Titan Corp,Financial Services,Mid-Market,2-Year Fixed,Auto-Invoice,47,663.08,31149.0,76,24,3,0,6,2,70.5,0,10,0,0,0
AC-1120,Crest Networks,Manufacturing,Enterprise,1-Year Fixed,Auto-Invoice,56,2340.85,135272.85,168,79,2,2,10,9,50.8,1,15,0,1,0
AC-1121,Vortex Global,Professional Services,Enterprise,1-Year Fixed,ACH Direct Debit,38,4048.46,158064.49,390,235,3,2,7,12,70.8,1,5,1,1,0
AC-1122,Apex Labs,Financial Services,Mid-Market,Month-to-Month,Auto-Invoice,11,1967.57,22590.59,40,21,3,1,9,15,52.1,1,0,1,1,0
AC-1123,Apex Capital,Financial Services,SMB,Month-to-Month,Auto-Invoice,67,462.07,29849.14,24,22,8,0,10,2,70.9,0,0,1,1,0
AC-1124,Apex Cloud,E-Commerce,Mid-Market,3-Year Enterprise,Credit Card,15,953.08,14118.54,71,60,9,0,10,2,92.1,1,10,0,0,0
AC-1125,Apex Solutions,Manufacturing,Mid-Market,Month-to-Month,Auto-Invoice,1,964.72,943.7,41,30,5,0,8,3,72.7,0,15,0,1,0
AC-1126,Vortex Data,Healthcare,Mid-Market,1-Year Fixed,Manual Wire,7,1504.11,10908.72,73,39,3,0,9,2,73.8,0,5,1,1,0
AC-1127,Hyperion Networks,Financial Services,Enterprise,2-Year Fixed,ACH Direct Debit,1,3369.66,3365.74,188,149,6,0,10,6,82.7,0,10,1,1,0
AC-1128,Omni Systems,Financial Services,Enterprise,Month-to-Month,Credit Card,49,4659.13,217495.43,421,375,2,2,8,2,42.7,1,0,0,0,1
AC-1129,Apex Global,E-Commerce,SMB,3-Year Enterprise,Manual Wire,29,589.02,17436.82,9,6,5,0,6,0,98.9,1,5,1,0,1
AC-1130,Solstice Solutions,Enterprise Tech,Mid-Market,2-Year Fixed,Credit Card,26,1999.49,51408.12,30,25,4,0,8,3,49.0,1,5,1,1,0
AC-1131,Omni Data,E-Commerce,SMB,1-Year Fixed,Auto-Invoice,45,300.57,13567.78,20,16,3,0,7,1,83.8,1,10,1,0,0
AC-1132,Titan Technologies,Financial Services,Enterprise,2-Year Fixed,Auto-Invoice,71,4002.75,295386.5,102,71,5,0,2,0,81.4,1,25,1,1,0
AC-1133,Synergy Corp,Logistics,SMB,Month-to-Month,Credit Card,12,776.44,9090.63,10,5,4,0,8,3,51.8,1,15,1,0,0
AC-1134,Synergy Cloud,Enterprise Tech,Mid-Market,Month-to-Month,Auto-Invoice,32,1844.24,57482.83,79,65,5,1,7,1,86.2,0,0,1,1,0
AC-1135,Quantum Cloud,Healthcare,Mid-Market,1-Year Fixed,Manual Wire,20,978.0,19096.8,43,19,2,1,10,3,77.0,1,10,1,1,0
AC-1136,Apex Technologies,Healthcare,Mid-Market,Month-to-Month,ACH Direct Debit,51,1535.11,77023.15,44,37,3,0,6,2,100.0,0,0,1,1,0
AC-1137,Quantum Labs,E-Commerce,SMB,2-Year Fixed,Auto-Invoice,36,689.33,23841.49,24,21,4,1,4,5,71.5,1,0,1,1,0
AC-1138,Starlight Solutions,Enterprise Tech,Mid-Market,3-Year Enterprise,Credit Card,67,829.81,56693.76,24,21,2,1,8,28,66.0,1,0,1,1,0
AC-1139,Hyperion Technologies,Healthcare,Mid-Market,1-Year Fixed,ACH Direct Debit,1,1219.51,1183.83,65,41,7,2,8,4,58.7,1,5,1,1,0
AC-1140,Aegis Systems,Healthcare,SMB,Month-to-Month,Manual Wire,27,587.86,16548.61,12,5,3,0,7,6,36.6,1,10,1,1,0
AC-1141,Acme Data,Healthcare,SMB,3-Year Enterprise,ACH Direct Debit,40,329.59,12808.77,23,9,4,1,7,15,62.3,1,5,1,0,0
AC-1142,Aegis Technologies,E-Commerce,Mid-Market,1-Year Fixed,Credit Card,14,1274.46,17406.45,50,41,6,1,5,2,63.0,1,20,1,0,0
AC-1143,Zenith Global,E-Commerce,Mid-Market,1-Year Fixed,ACH Direct Debit,69,1044.56,70611.67,69,64,4,0,7,1,72.7,1,0,1,0,0
AC-1144,Starlight Data,Logistics,Mid-Market,1-Year Fixed,Credit Card,6,1105.05,6808.35,49,37,2,0,6,2,42.4,0,5,1,0,0
AC-1145,Aegis Corp,Financial Services,Enterprise,3-Year Enterprise,Credit Card,33,4275.05,140055.35,250,100,6,1,9,3,63.7,1,5,1,1,0
AC-1146,Nexus Logistics,Logistics,Mid-Market,1-Year Fixed,Auto-Invoice,55,1485.63,84318.92,70,67,3,0,8,6,78.4,1,0,0,1,0
AC-1147,Nexus Global,Healthcare,SMB,2-Year Fixed,Auto-Invoice,19,668.1,13055.49,18,18,2,1,7,0,80.2,0,25,1,1,0
AC-1148,Starlight Networks,Enterprise Tech,SMB,2-Year Fixed,Credit Card,29,403.39,12200.74,23,14,3,0,10,11,34.5,1,5,1,0,0
AC-1149,Starlight Health,Enterprise Tech,Mid-Market,Month-to-Month,Auto-Invoice,61,1807.9,113111.78,76,54,4,0,7,0,80.7,0,20,1,0,0
AC-1150,Apex Capital,Financial Services,Mid-Market,1-Year Fixed,Auto-Invoice,70,1312.72,87772.89,39,33,6,2,8,14,63.6,0,5,0,1,0
AC-1151,Synergy Solutions,Logistics,Enterprise,2-Year Fixed,ACH Direct Debit,24,4697.82,116550.45,189,154,4,0,7,18,64.7,1,0,0,1,0
AC-1152,Quantum Systems,E-Commerce,SMB,1-Year Fixed,Auto-Invoice,23,574.84,13800.51,19,19,7,2,10,28,25.4,1,0,1,1,1
AC-1153,Aegis Data,Logistics,SMB,2-Year Fixed,Credit Card,10,733.54,7697.54,13,5,3,0,7,10,94.9,1,15,1,1,0
AC-1154,Acme Health,Healthcare,Mid-Market,3-Year Enterprise,Credit Card,54,1540.33,80060.88,66,47,7,0,7,0,71.2,1,0,1,1,0
AC-1155,Vortex Networks,Financial Services,SMB,1-Year Fixed,Manual Wire,41,789.13,32720.82,13,10,4,2,7,7,40.4,0,20,1,1,0
AC-1156,Velocity Logistics,Enterprise Tech,Mid-Market,2-Year Fixed,Credit Card,49,1540.04,73194.02,77,71,6,0,8,1,74.8,1,5,0,1,0
AC-1157,Nexus Networks,Financial Services,Mid-Market,2-Year Fixed,Auto-Invoice,17,953.4,15822.88,34,31,1,0,10,13,74.2,1,0,1,1,0
AC-1158,Crest Logistics,Financial Services,Enterprise,2-Year Fixed,Credit Card,56,3285.83,188525.39,78,77,4,0,9,2,90.0,1,10,1,0,0
AC-1159,Acme Corp,Enterprise Tech,Mid-Market,1-Year Fixed,ACH Direct Debit,45,1578.89,74443.88,15,10,5,0,7,2,62.4,0,0,1,1,0
AC-1160,Crest Systems,Enterprise Tech,Mid-Market,Month-to-Month,Manual Wire,30,1502.71,45508.92,24,21,6,1,10,15,68.2,0,0,1,1,0
AC-1161,Vortex Systems,Healthcare,Mid-Market,1-Year Fixed,Credit Card,44,1175.13,53518.44,37,22,4,1,9,0,56.4,1,15,1,0,0
AC-1162,Solstice Data,E-Commerce,Mid-Market,1-Year Fixed,Auto-Invoice,55,1335.96,69869.19,65,39,3,1,6,1,78.8,1,5,1,0,0
AC-1163,Omni Labs,Professional Services,SMB,1-Year Fixed,Manual Wire,19,373.4,6765.86,24,11,7,0,4,3,53.9,1,5,1,1,0
AC-1164,Aegis Networks,Professional Services,Enterprise,2-Year Fixed,Auto-Invoice,29,1711.48,50112.99,424,370,3,1,6,7,51.9,0,0,1,1,0
AC-1165,Acme Health,E-Commerce,Mid-Market,1-Year Fixed,Credit Card,2,1521.04,3008.31,43,43,5,2,8,6,66.8,1,0,0,1,1
AC-1166,Nexus Global,Financial Services,Mid-Market,1-Year Fixed,Credit Card,36,689.48,25788.71,72,35,6,3,8,6,45.9,1,5,1,0,0
AC-1167,Nexus Corp,E-Commerce,Mid-Market,Month-to-Month,Auto-Invoice,19,832.39,15502.24,57,19,1,0,10,13,96.8,1,5,1,1,0
AC-1168,Quantum Technologies,Logistics,Mid-Market,2-Year Fixed,Auto-Invoice,7,1021.33,7100.73,24,21,5,2,5,0,100.0,0,15,1,0,0
AC-1169,Quantum Systems,Enterprise Tech,Enterprise,1-Year Fixed,Auto-Invoice,26,2810.9,73287.37,261,192,2,1,6,4,59.8,0,5,1,1,1
AC-1170,Quantum Corp,Financial Services,Enterprise,Month-to-Month,Credit Card,38,2386.71,88636.56,57,55,3,0,5,7,43.0,1,15,1,1,0
AC-1171,Aegis Systems,Logistics,Mid-Market,Month-to-Month,Manual Wire,3,1049.74,3277.86,48,23,5,2,4,6,74.1,0,0,0,1,1
AC-1172,Quantum Corp,Financial Services,Mid-Market,2-Year Fixed,Auto-Invoice,66,1098.94,72272.8,31,11,5,6,6,3,59.3,1,0,1,0,0
AC-1173,Hyperion Capital,Healthcare,Enterprise,1-Year Fixed,ACH Direct Debit,71,3331.52,234743.91,382,246,6,0,8,0,89.1,1,0,1,0,0
AC-1174,Starlight Global,Healthcare,Mid-Market,Month-to-Month,Auto-Invoice,43,956.45,42565.79,72,26,4,0,9,0,53.8,1,15,0,0,0
AC-1175,Solstice Health,Enterprise Tech,Mid-Market,3-Year Enterprise,Credit Card,62,1928.41,117313.41,22,11,6,0,5,0,77.8,1,15,1,1,0
AC-1176,Nexus Health,Financial Services,Mid-Market,2-Year Fixed,Auto-Invoice,71,1489.64,109122.09,52,20,3,0,6,2,70.1,1,0,1,0,0
AC-1177,Zenith Solutions,Financial Services,SMB,3-Year Enterprise,Manual Wire,24,439.64,10152.81,22,10,5,0,3,0,55.8,0,0,1,0,0
AC-1178,Solstice Solutions,Enterprise Tech,Enterprise,1-Year Fixed,ACH Direct Debit,39,4626.86,174723.54,118,44,4,2,8,3,72.3,0,10,1,1,0
AC-1179,Vortex Technologies,Enterprise Tech,Enterprise,1-Year Fixed,Credit Card,68,2674.29,190050.35,102,99,3,1,6,1,83.8,1,15,1,1,1
AC-1180,Nexus Health,Logistics,SMB,2-Year Fixed,ACH Direct Debit,44,736.39,33510.73,19,9,1,0,10,9,69.6,0,15,1,0,0
AC-1181,Starlight Systems,Financial Services,Mid-Market,1-Year Fixed,Credit Card,5,788.61,3898.85,46,28,3,1,8,12,69.8,0,0,1,0,0
AC-1182,Starlight Systems,Healthcare,Mid-Market,2-Year Fixed,Manual Wire,55,1171.19,65307.32,25,23,5,1,7,3,52.3,1,10,1,1,0
AC-1183,Solstice Labs,Financial Services,SMB,Month-to-Month,ACH Direct Debit,30,204.92,6419.92,24,19,3,1,6,4,88.6,1,15,1,1,0
AC-1184,Starlight Capital,Professional Services,SMB,1-Year Fixed,Manual Wire,29,584.88,16472.79,11,8,1,0,4,18,86.8,1,0,1,1,0
AC-1185,Quantum Networks,Financial Services,SMB,Month-to-Month,Credit Card,26,240.94,5988.18,20,16,3,1,4,4,60.6,1,5,1,0,0
AC-1186,Nexus Systems,Financial Services,Mid-Market,Month-to-Month,Auto-Invoice,26,1310.09,34189.96,68,60,3,3,6,32,65.8,0,5,0,1,1
AC-1187,Apex Data,Manufacturing,Mid-Market,Month-to-Month,Credit Card,37,1080.22,38539.67,51,47,3,0,6,0,93.5,0,0,1,1,0
AC-1188,Aegis Global,Logistics,Mid-Market,Month-to-Month,Auto-Invoice,53,857.95,44049.55,26,19,5,1,5,12,47.6,1,20,1,1,0
AC-1189,Hyperion Networks,Enterprise Tech,Enterprise,3-Year Enterprise,Credit Card,30,4485.2,139824.39,310,286,4,1,8,4,78.9,0,20,0,0,0
AC-1190,Hyperion Technologies,Logistics,Mid-Market,Month-to-Month,Credit Card,3,1956.94,5581.63,57,38,0,1,8,0,57.9,0,5,0,0,1
AC-1191,Hyperion Global,Healthcare,Enterprise,1-Year Fixed,Credit Card,43,2744.47,121751.07,395,195,2,1,6,22,100.0,1,0,1,1,0
AC-1192,Hyperion Capital,Healthcare,SMB,2-Year Fixed,Auto-Invoice,7,277.15,1943.34,17,16,3,1,10,20,69.1,1,10,1,1,0
AC-1193,Aegis Cloud,Enterprise Tech,Mid-Market,1-Year Fixed,Auto-Invoice,49,1946.33,95935.66,19,13,8,0,4,2,90.7,0,0,1,1,1
AC-1194,Vortex Labs,Enterprise Tech,Mid-Market,Month-to-Month,Credit Card,41,1368.53,57073.52,20,19,4,0,7,18,54.3,1,0,1,0,0
AC-1195,Solstice Systems,E-Commerce,Mid-Market,2-Year Fixed,Manual Wire,54,1715.32,91992.27,70,23,6,0,7,0,45.5,1,5,1,1,0
AC-1196,Crest Systems,Healthcare,Enterprise,1-Year Fixed,Auto-Invoice,69,3882.92,257622.9,404,234,4,1,6,7,63.8,1,5,0,0,1
AC-1197,Omni Data,Financial Services,Enterprise,2-Year Fixed,Credit Card,27,2074.81,53794.87,471,454,3,1,6,1,72.7,0,0,1,0,0
AC-1198,Zenith Global,E-Commerce,Mid-Market,2-Year Fixed,ACH Direct Debit,8,1157.49,9495.46,56,27,1,1,7,1,58.8,1,10,0,1,0
AC-1199,Starlight Global,Logistics,Enterprise,3-Year Enterprise,Credit Card,32,3794.4,118033.59,264,253,1,2,7,9,81.6,1,0,0,0,0
AC-1200,Apex Systems,Enterprise Tech,Mid-Market,1-Year Fixed,Auto-Invoice,64,653.8,39868.63,25,24,0,0,6,2,64.2,0,15,1,0,0
AC-1201,Crest Data,E-Commerce,SMB,Month-to-Month,Credit Card,10,410.0,4296.64,8,7,2,1,4,0,30.5,1,20,1,1,1
AC-1202,Solstice Labs,Enterprise Tech,SMB,1-Year Fixed,Auto-Invoice,13,707.52,9639.61,10,7,5,0,4,3,78.0,1,10,1,0,0
AC-1203,Hyperion Global,Logistics,Mid-Market,Month-to-Month,Manual Wire,63,1331.78,82879.72,35,26,3,0,7,1,52.1,1,5,1,1,0
AC-1204,Crest Health,E-Commerce,Enterprise,2-Year Fixed,Auto-Invoice,35,2763.6,92136.58,223,203,3,0,6,7,61.5,1,0,1,1,0
AC-1205,Omni Capital,Professional Services,SMB,Month-to-Month,Auto-Invoice,61,240.24,14987.69,21,18,2,2,7,1,96.0,1,10,1,1,0
AC-1206,Zenith Systems,Enterprise Tech,SMB,Month-to-Month,Auto-Invoice,54,590.18,32924.65,22,16,2,2,7,11,99.9,1,20,0,1,0
AC-1207,Solstice Labs,Enterprise Tech,Enterprise,2-Year Fixed,Auto-Invoice,8,4403.51,33907.08,268,265,2,0,6,1,57.6,1,0,1,1,0
AC-1208,Velocity Global,Financial Services,Mid-Market,1-Year Fixed,ACH Direct Debit,29,1545.07,43173.63,20,16,2,1,7,3,78.4,0,5,1,0,0
AC-1209,Crest Systems,Financial Services,Enterprise,1-Year Fixed,Auto-Invoice,41,2807.58,118819.93,364,358,3,0,5,2,58.1,0,5,1,1,1
AC-1210,Starlight Labs,Enterprise Tech,SMB,1-Year Fixed,Auto-Invoice,30,749.69,23439.6,16,5,2,0,10,6,62.8,0,5,1,1,1
AC-1211,Synergy Systems,Manufacturing,SMB,2-Year Fixed,Credit Card,21,745.08,16101.61,15,6,2,0,6,0,57.1,1,5,0,0,1
AC-1212,Nexus Solutions,Enterprise Tech,Enterprise,Month-to-Month,Auto-Invoice,11,2253.75,24049.36,331,204,3,0,6,4,37.0,0,20,1,1,0
AC-1213,Acme Logistics,Financial Services,SMB,2-Year Fixed,Auto-Invoice,2,528.24,1047.13,7,4,4,0,6,2,69.7,1,0,1,0,0
AC-1214,Velocity Technologies,Logistics,Mid-Market,Month-to-Month,ACH Direct Debit,50,1229.01,62070.18,51,43,5,1,6,13,73.2,0,5,1,0,1
AC-1215,Titan Global,Financial Services,SMB,2-Year Fixed,ACH Direct Debit,41,498.02,19725.18,7,3,1,2,7,0,55.9,1,20,1,0,0
AC-1216,Quantum Capital,Logistics,Mid-Market,2-Year Fixed,Manual Wire,66,746.49,47842.53,22,22,5,0,7,10,87.6,1,5,1,0,0
AC-1217,Vortex Technologies,Enterprise Tech,SMB,Month-to-Month,ACH Direct Debit,3,489.95,1437.94,17,9,1,1,6,1,60.2,0,15,1,1,1
AC-1218,Synergy Solutions,Healthcare,Enterprise,1-Year Fixed,Credit Card,51,2092.71,106829.74,133,80,2,1,7,0,56.5,1,0,1,1,0
AC-1219,Velocity Cloud,Enterprise Tech,Mid-Market,Month-to-Month,Auto-Invoice,68,1379.48,93905.99,55,27,6,0,6,1,77.5,1,20,1,1,0
AC-1220,Titan Solutions,Enterprise Tech,Enterprise,2-Year Fixed,ACH Direct Debit,25,2122.45,54728.94,443,313,6,0,8,0,40.2,0,0,1,1,1
AC-1221,Titan Systems,Manufacturing,SMB,1-Year Fixed,ACH Direct Debit,30,459.02,14119.01,17,6,2,0,10,4,84.3,1,25,1,1,0
AC-1222,Quantum Systems,Enterprise Tech,SMB,1-Year Fixed,ACH Direct Debit,11,351.2,4023.03,10,4,1,3,5,27,60.8,1,0,1,1,1
AC-1223,Acme Cloud,Healthcare,SMB,Month-to-Month,Credit Card,17,395.88,6954.0,18,15,3,0,8,0,85.8,1,5,1,1,0
AC-1224,Hyperion Networks,Financial Services,SMB,Month-to-Month,Auto-Invoice,26,246.69,6256.08,14,6,5,0,7,3,91.2,0,5,1,0,0
AC-1225,Zenith Logistics,Financial Services,Enterprise,Month-to-Month,ACH Direct Debit,23,1729.0,39096.12,202,94,1,1,9,3,79.5,1,5,1,1,0
AC-1226,Synergy Logistics,Manufacturing,Mid-Market,Month-to-Month,ACH Direct Debit,56,874.8,48990.87,16,14,3,0,9,2,53.4,1,0,1,1,0
AC-1227,Nexus Solutions,Enterprise Tech,Enterprise,1-Year Fixed,Manual Wire,52,4169.81,206298.06,319,117,2,2,8,2,45.5,1,20,1,1,0
AC-1228,Acme Capital,E-Commerce,Enterprise,2-Year Fixed,Auto-Invoice,48,2309.51,115334.0,391,237,2,0,7,13,42.2,1,5,0,1,0
AC-1229,Zenith Data,Professional Services,Enterprise,1-Year Fixed,Auto-Invoice,20,3530.25,67387.84,220,70,2,2,6,0,87.9,1,10,1,1,0
AC-1230,Titan Networks,Healthcare,Mid-Market,1-Year Fixed,Auto-Invoice,2,1261.08,2477.38,73,40,0,0,6,9,65.6,0,0,1,1,0
AC-1231,Acme Corp,Professional Services,Enterprise,3-Year Enterprise,ACH Direct Debit,31,3587.9,111994.3,324,256,4,0,7,1,57.2,0,15,1,1,0
AC-1232,Zenith Corp,Enterprise Tech,Enterprise,2-Year Fixed,Auto-Invoice,27,4347.5,117591.93,407,148,6,0,5,2,65.6,0,5,1,1,0
AC-1233,Apex Capital,Financial Services,Enterprise,3-Year Enterprise,Auto-Invoice,2,1763.53,3581.54,475,438,0,1,6,3,87.5,1,25,1,0,0
AC-1234,Solstice Data,Financial Services,Enterprise,1-Year Fixed,Manual Wire,4,4067.35,16314.17,69,65,4,1,10,2,82.0,0,5,1,0,0
AC-1235,Nexus Networks,E-Commerce,SMB,Month-to-Month,Auto-Invoice,13,761.24,9627.94,15,6,3,1,7,0,75.9,1,0,0,1,0
AC-1236,Velocity Data,Professional Services,SMB,Month-to-Month,ACH Direct Debit,35,721.1,24484.07,20,20,5,1,9,0,79.5,0,5,1,0,1
AC-1237,Vortex Solutions,Financial Services,SMB,2-Year Fixed,Auto-Invoice,72,718.65,53850.01,16,8,8,0,10,2,71.2,1,10,0,0,0
AC-1238,Synergy Technologies,E-Commerce,Mid-Market,Month-to-Month,ACH Direct Debit,66,1167.14,75213.05,55,20,3,1,7,10,73.4,1,10,1,1,0
AC-1239,Nexus Health,Enterprise Tech,Enterprise,Month-to-Month,Credit Card,6,1687.18,9901.36,147,45,2,1,8,0,72.0,1,15,1,1,0
AC-1240,Titan Technologies,Healthcare,SMB,1-Year Fixed,Manual Wire,31,208.83,6417.38,9,5,5,1,7,8,68.0,1,0,1,1,0
AC-1241,Titan Logistics,Healthcare,Mid-Market,1-Year Fixed,Manual Wire,10,1210.18,11665.46,22,16,4,0,5,2,81.6,1,10,0,1,0
AC-1242,Hyperion Systems,Professional Services,Enterprise,1-Year Fixed,Auto-Invoice,21,4755.28,99933.51,247,132,4,1,5,13,74.5,0,20,1,1,0
AC-1243,Starlight Logistics,E-Commerce,Enterprise,Month-to-Month,Auto-Invoice,23,3859.75,90239.31,322,285,2,1,9,3,52.1,0,0,1,1,1
AC-1244,Hyperion Technologies,Financial Services,Enterprise,1-Year Fixed,Auto-Invoice,3,3528.32,10887.69,205,164,0,0,8,1,77.5,0,0,1,1,0
AC-1245,Aegis Data,Enterprise Tech,Enterprise,1-Year Fixed,Credit Card,32,1655.23,54087.38,99,54,2,1,10,26,72.5,1,10,1,1,0
AC-1246,Omni Systems,Enterprise Tech,Mid-Market,3-Year Enterprise,ACH Direct Debit,20,1658.29,31997.16,52,42,2,1,9,1,79.0,1,5,1,0,0
AC-1247,Quantum Labs,Enterprise Tech,Mid-Market,2-Year Fixed,Credit Card,29,1502.77,43388.87,19,18,3,0,6,5,66.1,0,10,1,1,0
AC-1248,Crest Data,Financial Services,Enterprise,3-Year Enterprise,Credit Card,52,3693.84,183216.86,59,22,4,2,9,5,82.6,0,5,1,1,0
AC-1249,Crest Labs,Manufacturing,Enterprise,2-Year Fixed,Auto-Invoice,46,2619.13,114670.41,198,102,5,2,7,2,66.9,1,25,1,0,0
AC-1250,Synergy Corp,Healthcare,SMB,1-Year Fixed,ACH Direct Debit,34,524.64,17730.97,14,9,2,2,10,18,81.0,0,15,1,1,0
AC-1251,Hyperion Corp,Healthcare,Enterprise,Month-to-Month,Manual Wire,61,3414.13,203117.04,211,137,3,0,6,11,59.8,1,10,1,1,0
AC-1252,Solstice Global,Enterprise Tech,Mid-Market,1-Year Fixed,Auto-Invoice,72,1566.94,114888.35,16,11,4,1,5,10,61.0,0,0,1,0,0
AC-1253,Synergy Capital,Manufacturing,SMB,1-Year Fixed,Credit Card,71,642.75,46658.58,22,11,3,0,6,22,78.8,1,0,1,1,0
AC-1254,Starlight Solutions,E-Commerce,Enterprise,1-Year Fixed,Auto-Invoice,70,3591.43,261340.55,476,365,3,0,6,3,62.0,1,15,0,0,0
AC-1255,Crest Logistics,Enterprise Tech,Enterprise,1-Year Fixed,Credit Card,11,2445.01,27596.22,444,334,3,0,5,0,100.0,1,10,0,0,0
AC-1256,Solstice Global,E-Commerce,Mid-Market,1-Year Fixed,Credit Card,63,1023.85,61588.61,52,37,5,0,6,8,78.2,0,15,1,1,0
AC-1257,Apex Capital,Healthcare,Mid-Market,Month-to-Month,Auto-Invoice,21,1292.47,26793.43,66,25,3,2,9,2,68.4,0,5,1,1,1
AC-1258,Velocity Global,Enterprise Tech,Mid-Market,1-Year Fixed,Credit Card,3,784.78,2300.9,45,29,6,1,10,1,82.8,1,0,1,0,0
AC-1259,Crest Logistics,Healthcare,SMB,Month-to-Month,Auto-Invoice,10,356.36,3523.02,17,9,3,1,4,4,59.3,1,5,0,1,1
AC-1260,Synergy Logistics,Healthcare,Enterprise,2-Year Fixed,Credit Card,27,2805.93,73184.84,495,319,3,1,10,15,84.6,1,0,0,0,0
AC-1261,Omni Logistics,Enterprise Tech,Mid-Market,Month-to-Month,Credit Card,12,1535.16,17680.81,40,38,8,0,6,1,84.1,1,15,1,0,1
AC-1262,Omni Networks,Professional Services,Mid-Market,Month-to-Month,Auto-Invoice,7,1353.47,9494.17,42,27,3,0,8,11,90.6,0,10,1,0,0
AC-1263,Velocity Health,Logistics,Enterprise,1-Year Fixed,ACH Direct Debit,17,1536.39,26694.24,367,114,2,2,4,3,60.1,1,0,1,0,0
AC-1264,Crest Labs,E-Commerce,Mid-Market,1-Year Fixed,ACH Direct Debit,65,1292.66,85719.41,32,19,1,0,8,0,46.0,1,10,1,0,0
AC-1265,Apex Logistics,Healthcare,Enterprise,1-Year Fixed,Auto-Invoice,64,1541.56,98175.86,136,119,4,1,3,11,57.0,1,15,1,1,0
AC-1266,Titan Systems,Financial Services,Mid-Market,Month-to-Month,Auto-Invoice,26,824.52,21485.28,71,60,8,0,8,21,62.9,1,10,1,0,0
AC-1267,Velocity Solutions,E-Commerce,Enterprise,1-Year Fixed,ACH Direct Debit,15,2480.42,37267.05,378,249,2,2,8,2,98.0,0,5,1,0,0
AC-1268,Solstice Technologies,Healthcare,Mid-Market,Month-to-Month,Manual Wire,33,1901.2,63941.5,51,24,1,1,8,2,100.0,1,5,0,1,1
AC-1269,Acme Capital,Enterprise Tech,Mid-Market,3-Year Enterprise,Auto-Invoice,62,815.07,48249.81,36,23,4,1,6,3,74.2,1,15,1,0,0
AC-1270,Zenith Labs,Healthcare,SMB,3-Year Enterprise,Auto-Invoice,47,273.67,13132.47,22,15,5,0,8,10,68.2,0,5,1,1,0
AC-1271,Apex Networks,Logistics,Enterprise,1-Year Fixed,Auto-Invoice,35,3815.65,134645.52,327,327,3,2,8,0,61.7,0,15,1,1,0
AC-1272,Velocity Labs,Healthcare,Mid-Market,Month-to-Month,Credit Card,65,1729.66,109033.8,31,23,6,0,7,1,82.8,1,15,1,0,0
AC-1273,Hyperion Networks,Enterprise Tech,Mid-Market,2-Year Fixed,Auto-Invoice,72,1011.49,69543.2,65,51,3,0,9,7,100.0,0,15,1,1,0
AC-1274,Nexus Data,Logistics,Mid-Market,Month-to-Month,Auto-Invoice,25,955.48,22951.89,59,38,2,2,7,3,100.0,1,25,0,0,0
AC-1275,Titan Global,Enterprise Tech,Mid-Market,1-Year Fixed,Credit Card,57,1467.95,83879.75,77,42,3,2,8,2,88.5,0,10,1,0,1
AC-1276,Omni Technologies,Financial Services,Mid-Market,Month-to-Month,Credit Card,32,1349.86,44311.73,42,37,5,1,7,12,88.2,1,0,0,0,0
AC-1277,Acme Data,Enterprise Tech,SMB,3-Year Enterprise,Auto-Invoice,63,711.89,44107.52,16,10,4,1,8,15,83.0,1,0,1,1,0
AC-1278,Omni Systems,Financial Services,SMB,Month-to-Month,Credit Card,12,629.0,7456.76,22,22,7,0,8,18,67.1,0,0,1,1,1
AC-1279,Solstice Corp,Logistics,Mid-Market,1-Year Fixed,Credit Card,63,1500.22,98617.15,56,35,3,0,6,1,54.7,1,0,1,1,0
AC-1280,Omni Data,Healthcare,Mid-Market,2-Year Fixed,Auto-Invoice,1,1251.17,1215.26,31,11,1,1,5,14,67.6,1,0,1,1,0
AC-1281,Titan Logistics,Enterprise Tech,SMB,1-Year Fixed,Auto-Invoice,51,620.58,30395.46,7,5,4,0,8,8,75.6,0,5,1,1,0
AC-1282,Omni Networks,Manufacturing,SMB,Month-to-Month,ACH Direct Debit,70,761.41,52464.1,12,4,4,3,10,1,41.8,0,0,1,0,0
AC-1283,Starlight Systems,Manufacturing,SMB,3-Year Enterprise,Auto-Invoice,8,599.4,4913.12,5,2,5,1,8,5,65.2,1,5,1,1,0
AC-1284,Solstice Labs,Manufacturing,Mid-Market,1-Year Fixed,ACH Direct Debit,68,1273.43,87684.98,57,31,3,0,8,0,53.1,1,15,0,1,0
AC-1285,Synergy Logistics,Enterprise Tech,Enterprise,1-Year Fixed,Manual Wire,5,1600.12,7933.23,462,378,3,0,7,7,86.2,1,10,0,1,0
AC-1286,Titan Technologies,Healthcare,Mid-Market,Month-to-Month,Auto-Invoice,39,749.4,30584.91,37,24,2,1,9,8,58.1,1,20,1,0,0
AC-1287,Omni Corp,Professional Services,Mid-Market,1-Year Fixed,Auto-Invoice,23,1892.49,44550.15,46,15,3,1,7,9,73.9,0,0,0,1,0
AC-1288,Vortex Corp,Logistics,Mid-Market,1-Year Fixed,Credit Card,68,1727.02,112291.98,45,33,4,0,6,1,55.4,1,5,1,0,0
AC-1289,Velocity Logistics,Enterprise Tech,Mid-Market,Month-to-Month,ACH Direct Debit,52,922.12,49123.25,31,18,2,0,10,6,96.8,1,5,1,1,0
AC-1290,Titan Global,Enterprise Tech,SMB,Month-to-Month,Manual Wire,4,591.08,2251.79,24,23,5,0,6,1,37.4,1,5,1,0,1
AC-1291,Titan Systems,Healthcare,Mid-Market,2-Year Fixed,ACH Direct Debit,47,644.83,30762.6,49,32,4,1,9,18,76.6,1,10,1,1,0
AC-1292,Quantum Labs,Manufacturing,SMB,Month-to-Month,Auto-Invoice,21,237.81,4849.42,17,14,3,0,10,6,45.0,1,0,1,0,1
AC-1293,Zenith Corp,Healthcare,Mid-Market,Month-to-Month,Credit Card,56,1418.47,80994.75,78,35,3,0,8,0,58.8,1,0,1,1,0
AC-1294,Quantum Networks,Healthcare,Mid-Market,1-Year Fixed,Credit Card,66,1189.18,76992.92,67,56,3,1,5,1,71.7,1,10,0,0,0
AC-1295,Vortex Systems,Enterprise Tech,Mid-Market,2-Year Fixed,Credit Card,59,1956.96,119767.39,65,52,2,0,7,6,72.6,1,15,1,1,0
AC-1296,Crest Cloud,E-Commerce,SMB,Month-to-Month,Auto-Invoice,7,420.81,2897.63,20,19,5,0,7,3,72.1,1,10,1,1,0
AC-1297,Starlight Capital,Logistics,Enterprise,1-Year Fixed,Auto-Invoice,49,3798.24,188341.46,275,89,5,1,6,8,70.7,1,0,1,0,0
AC-1298,Crest Solutions,Financial Services,Enterprise,Month-to-Month,ACH Direct Debit,16,2043.27,31992.47,235,144,4,1,7,2,56.4,1,5,1,1,1
AC-1299,Nexus Data,Logistics,SMB,Month-to-Month,Credit Card,17,382.34,6770.96,6,5,4,2,9,6,65.0,0,0,1,0,0
AC-1300,Apex Systems,Professional Services,Enterprise,Month-to-Month,Auto-Invoice,34,3005.82,105069.6,435,159,6,0,6,1,68.6,1,20,1,1,1
AC-1301,Zenith Global,Enterprise Tech,Mid-Market,2-Year Fixed,Auto-Invoice,33,939.92,30221.15,27,16,4,0,7,4,71.5,1,15,1,1,0
AC-1302,Aegis Labs,Healthcare,Mid-Market,Month-to-Month,ACH Direct Debit,26,1053.28,28614.32,77,74,1,0,7,19,66.8,1,0,0,0,0
AC-1303,Crest Global,Financial Services,Mid-Market,Month-to-Month,ACH Direct Debit,66,1952.39,127017.1,19,11,2,2,10,6,81.1,0,0,0,1,0
AC-1304,Apex Systems,Logistics,Mid-Market,1-Year Fixed,Auto-Invoice,63,1876.48,120013.56,25,25,2,1,7,0,69.7,0,10,0,0,0
AC-1305,Quantum Logistics,Healthcare,Enterprise,2-Year Fixed,Auto-Invoice,41,1547.11,64971.96,468,159,2,1,5,27,71.6,0,0,1,0,1
AC-1306,Aegis Data,E-Commerce,Mid-Market,Month-to-Month,Auto-Invoice,58,1756.06,96992.17,16,13,3,0,4,1,61.1,0,20,0,0,1
AC-1307,Zenith Data,Logistics,Mid-Market,1-Year Fixed,Manual Wire,10,1092.31,11424.43,54,38,1,1,8,7,49.1,0,15,1,0,1
AC-1308,Velocity Solutions,Financial Services,Mid-Market,Month-to-Month,Credit Card,15,1868.23,27587.52,51,33,4,1,6,4,70.8,1,0,1,1,0
AC-1309,Zenith Global,Manufacturing,Enterprise,1-Year Fixed,Credit Card,42,1998.02,81313.56,411,403,5,1,9,2,89.7,1,0,1,1,0
AC-1310,Vortex Global,Healthcare,Mid-Market,1-Year Fixed,Credit Card,57,1090.1,64314.85,50,20,8,0,4,1,76.0,1,15,1,1,0
AC-1311,Synergy Systems,Enterprise Tech,Enterprise,1-Year Fixed,Auto-Invoice,17,4428.96,76820.0,162,150,3,0,6,1,53.3,0,5,1,0,1
AC-1312,Titan Capital,E-Commerce,Enterprise,Month-to-Month,ACH Direct Debit,60,2433.96,140002.5,373,292,4,1,4,12,82.7,1,10,0,1,0
AC-1313,Zenith Logistics,Logistics,Enterprise,Month-to-Month,Credit Card,9,2945.28,25492.4,484,233,2,2,8,12,62.0,1,0,1,0,1
AC-1314,Titan Logistics,Financial Services,Enterprise,Month-to-Month,Auto-Invoice,36,2671.48,98242.85,138,129,5,1,9,3,80.9,0,0,0,0,1
AC-1315,Solstice Solutions,Manufacturing,SMB,1-Year Fixed,Auto-Invoice,36,535.86,18470.68,21,13,0,1,8,0,61.4,1,10,1,1,0
AC-1316,Nexus Health,Manufacturing,Enterprise,Month-to-Month,Credit Card,48,3721.57,186087.59,383,333,3,1,5,13,74.4,1,5,1,1,0
AC-1317,Synergy Corp,Financial Services,SMB,2-Year Fixed,Manual Wire,51,251.51,13136.83,17,10,3,0,6,4,58.7,1,0,1,1,0
AC-1318,Titan Labs,Professional Services,SMB,3-Year Enterprise,Auto-Invoice,70,637.95,43921.87,20,18,4,1,8,3,59.1,1,0,1,1,0
AC-1319,Vortex Cloud,Enterprise Tech,Mid-Market,3-Year Enterprise,ACH Direct Debit,68,1763.45,118271.04,57,43,0,0,4,3,39.8,0,10,0,0,1
AC-1320,Zenith Capital,Enterprise Tech,Enterprise,2-Year Fixed,ACH Direct Debit,22,1750.31,38531.83,461,184,4,2,7,2,77.2,1,10,1,0,0
AC-1321,Starlight Health,Enterprise Tech,Mid-Market,1-Year Fixed,Auto-Invoice,6,1152.7,6820.04,65,49,2,0,10,4,74.7,0,0,1,1,0
AC-1322,Omni Health,Manufacturing,SMB,2-Year Fixed,Auto-Invoice,26,678.45,18139.73,24,10,9,1,7,5,75.7,1,10,0,1,0
AC-1323,Starlight Logistics,E-Commerce,Mid-Market,Month-to-Month,Auto-Invoice,3,1855.87,5831.93,53,31,2,0,4,3,73.0,1,0,1,0,1
AC-1324,Omni Health,Enterprise Tech,Enterprise,1-Year Fixed,ACH Direct Debit,52,3010.23,157854.99,315,132,5,2,6,13,54.3,0,5,0,1,1
AC-1325,Quantum Global,Financial Services,Mid-Market,1-Year Fixed,Auto-Invoice,60,1130.39,67457.41,55,17,4,0,6,2,85.4,0,10,1,1,0
AC-1326,Apex Global,E-Commerce,SMB,1-Year Fixed,Auto-Invoice,63,556.87,34110.22,12,5,0,1,10,5,85.9,0,10,1,1,0
AC-1327,Starlight Solutions,Enterprise Tech,SMB,2-Year Fixed,Credit Card,65,409.22,27007.42,16,11,2,0,10,2,53.8,0,0,0,0,0
AC-1328,Apex Networks,Manufacturing,Enterprise,Month-to-Month,ACH Direct Debit,52,2431.91,128806.11,260,166,6,1,9,8,77.6,0,0,1,1,0
AC-1329,Quantum Networks,Logistics,Mid-Market,Month-to-Month,Auto-Invoice,14,1610.36,22962.55,72,47,5,1,6,0,83.7,1,0,1,0,0
AC-1330,Solstice Labs,Healthcare,Enterprise,3-Year Enterprise,Credit Card,72,2545.59,174612.94,290,137,1,2,10,1,59.5,1,15,1,0,0
AC-1331,Crest Systems,Professional Services,Enterprise,Month-to-Month,Credit Card,68,3892.81,275276.28,183,143,4,1,5,9,62.7,1,0,1,1,0
AC-1332,Synergy Networks,Financial Services,SMB,1-Year Fixed,Credit Card,28,321.16,8846.9,12,10,2,2,9,1,77.6,1,0,1,1,0
AC-1333,Acme Global,Professional Services,Enterprise,3-Year Enterprise,ACH Direct Debit,71,2056.72,149592.6,440,242,2,3,9,6,40.8,1,0,1,1,0
AC-1334,Acme Systems,E-Commerce,Enterprise,1-Year Fixed,Auto-Invoice,10,2542.13,26081.76,151,138,4,0,7,21,48.4,1,5,0,0,1
AC-1335,Apex Corp,E-Commerce,Enterprise,1-Year Fixed,ACH Direct Debit,57,3459.78,200176.52,189,142,2,2,10,4,50.2,0,15,1,1,0
AC-1336,Acme Technologies,Enterprise Tech,SMB,Month-to-Month,Credit Card,66,440.56,28771.26,5,4,1,0,6,1,35.7,1,0,1,0,1
AC-1337,Zenith Cloud,Manufacturing,SMB,Month-to-Month,Credit Card,50,458.49,23172.97,17,8,4,2,5,2,87.5,0,5,1,1,0
AC-1338,Nexus Systems,Financial Services,Mid-Market,2-Year Fixed,Credit Card,14,1043.75,13940.62,40,12,4,0,9,10,32.2,0,0,0,0,1
AC-1339,Starlight Data,Enterprise Tech,SMB,1-Year Fixed,Credit Card,16,472.95,7765.38,19,17,3,0,7,2,74.2,1,5,1,0,0
AC-1340,Zenith Health,Enterprise Tech,Enterprise,1-Year Fixed,Auto-Invoice,54,3772.93,195580.31,82,72,4,0,8,7,82.6,1,0,1,0,0
AC-1341,Nexus Data,Healthcare,Mid-Market,Month-to-Month,Credit Card,43,1662.28,70740.04,50,19,2,2,10,9,62.7,1,0,1,0,0
AC-1342,Acme Networks,Healthcare,Mid-Market,Month-to-Month,Credit Card,42,1385.57,55887.24,40,22,3,1,6,4,56.0,1,5,1,1,0
AC-1343,Crest Corp,E-Commerce,Enterprise,3-Year Enterprise,Credit Card,22,1525.69,34696.58,55,42,2,0,7,9,72.2,0,15,1,1,0
AC-1344,Nexus Logistics,Manufacturing,Mid-Market,1-Year Fixed,Auto-Invoice,68,1160.33,79299.34,22,17,6,1,10,2,68.0,1,10,1,0,0
AC-1345,Velocity Labs,Enterprise Tech,SMB,1-Year Fixed,Manual Wire,19,215.2,4166.88,8,7,5,1,9,4,86.1,0,5,1,1,0
AC-1346,Omni Global,E-Commerce,Enterprise,Month-to-Month,Credit Card,66,1771.75,119070.53,279,111,3,1,6,7,20.7,0,0,1,1,1
AC-1347,Crest Health,Enterprise Tech,Enterprise,1-Year Fixed,Auto-Invoice,39,1508.91,60857.76,186,112,7,0,5,1,51.5,0,0,1,1,0
AC-1348,Starlight Cloud,Manufacturing,Enterprise,3-Year Enterprise,Credit Card,19,2927.58,53580.22,372,137,3,0,6,1,78.1,1,5,0,0,1
AC-1349,Omni Corp,Logistics,Enterprise,1-Year Fixed,ACH Direct Debit,16,3160.77,51380.1,449,257,4,0,6,6,68.9,1,15,1,1,1
AC-1350,Omni Networks,Healthcare,SMB,Month-to-Month,ACH Direct Debit,54,394.06,21439.12,12,4,3,0,8,6,81.5,1,20,1,0,0
AC-1351,Acme Networks,E-Commerce,Mid-Market,1-Year Fixed,Credit Card,25,698.33,16639.28,48,45,4,0,7,4,72.7,1,10,1,1,0
AC-1352,Zenith Labs,Financial Services,Mid-Market,2-Year Fixed,ACH Direct Debit,18,1564.54,27320.88,73,49,7,1,8,9,65.6,1,5,1,1,0
AC-1353,Titan Logistics,Healthcare,SMB,1-Year Fixed,Auto-Invoice,23,256.38,5759.68,14,13,1,0,5,4,62.6,1,10,1,0,0
AC-1354,Synergy Logistics,Logistics,Enterprise,2-Year Fixed,Credit Card,11,4245.57,44705.05,217,74,0,0,7,13,100.0,1,5,1,1,1
AC-1355,Omni Global,Healthcare,Mid-Market,1-Year Fixed,ACH Direct Debit,39,1769.97,68025.98,19,9,3,1,3,8,95.6,1,10,1,0,1
AC-1356,Synergy Cloud,Financial Services,Mid-Market,2-Year Fixed,ACH Direct Debit,68,1657.11,107355.83,55,26,3,0,8,2,76.9,1,0,1,0,0
AC-1357,Aegis Solutions,Healthcare,Mid-Market,1-Year Fixed,Credit Card,25,1654.12,41572.93,77,44,1,1,10,3,69.4,1,0,1,0,0
AC-1358,Velocity Data,Logistics,SMB,Month-to-Month,ACH Direct Debit,63,692.8,42387.21,10,9,4,0,4,6,77.7,1,0,0,1,0
AC-1359,Acme Logistics,Financial Services,SMB,Month-to-Month,Auto-Invoice,30,507.08,14888.38,5,3,3,0,8,13,82.9,1,5,1,1,0
AC-1360,Titan Data,Enterprise Tech,Mid-Market,Month-to-Month,ACH Direct Debit,45,1423.35,66679.85,30,13,8,0,6,1,75.5,1,10,1,0,0
AC-1361,Apex Technologies,E-Commerce,SMB,3-Year Enterprise,Auto-Invoice,61,386.61,23589.85,17,6,5,1,9,4,54.5,1,15,1,0,0
AC-1362,Synergy Capital,Logistics,Enterprise,2-Year Fixed,Auto-Invoice,51,4636.76,231012.52,152,54,4,1,8,0,100.0,1,15,1,0,0
AC-1363,Titan Health,Enterprise Tech,Enterprise,1-Year Fixed,Auto-Invoice,9,4735.37,43037.96,248,206,8,0,8,2,72.4,1,25,0,1,0
AC-1364,Vortex Cloud,Enterprise Tech,Enterprise,Month-to-Month,Credit Card,2,3300.01,6403.12,249,152,3,0,7,7,100.0,0,0,1,1,0
AC-1365,Titan Solutions,Enterprise Tech,Mid-Market,Month-to-Month,Auto-Invoice,5,1362.7,6523.51,76,61,3,2,10,0,71.4,0,5,1,1,1
AC-1366,Omni Labs,Financial Services,Mid-Market,2-Year Fixed,Auto-Invoice,62,796.82,47035.98,59,46,6,0,8,6,63.6,1,5,1,1,0
AC-1367,Hyperion Global,Healthcare,Mid-Market,1-Year Fixed,Auto-Invoice,69,1817.57,131075.06,66,26,1,1,6,14,92.9,0,15,0,1,0
AC-1368,Quantum Systems,E-Commerce,SMB,Month-to-Month,Auto-Invoice,52,350.31,18625.27,13,5,0,0,7,21,73.4,1,0,0,0,0
AC-1369,Hyperion Corp,E-Commerce,Mid-Market,1-Year Fixed,Credit Card,5,1991.09,10254.06,16,13,2,0,6,1,70.4,1,0,0,0,1
AC-1370,Apex Networks,E-Commerce,Mid-Market,Month-to-Month,Credit Card,59,728.94,45075.76,63,51,0,0,8,8,46.4,0,5,1,1,0
AC-1371,Acme Corp,Financial Services,Enterprise,Month-to-Month,Auto-Invoice,68,4663.2,330784.44,347,196,2,0,6,16,79.9,0,25,1,1,1
AC-1372,Starlight Technologies,Logistics,Enterprise,1-Year Fixed,ACH Direct Debit,9,1968.38,18135.12,87,31,3,1,6,0,59.1,1,15,1,1,0
AC-1373,Crest Global,Healthcare,Mid-Market,Month-to-Month,ACH Direct Debit,22,1153.36,25866.14,49,15,2,1,8,3,59.9,1,5,1,0,0
AC-1374,Zenith Data,Professional Services,Mid-Market,3-Year Enterprise,ACH Direct Debit,27,1252.82,33274.27,38,19,2,0,7,15,59.2,0,15,0,0,0
AC-1375,Hyperion Networks,E-Commerce,SMB,Month-to-Month,Auto-Invoice,10,793.3,7618.87,5,2,4,1,9,1,75.9,1,0,1,1,0
AC-1376,Aegis Logistics,Enterprise Tech,Enterprise,Month-to-Month,ACH Direct Debit,61,2301.8,141444.94,201,93,2,0,6,16,40.4,1,5,0,1,0
AC-1377,Titan Global,E-Commerce,Enterprise,Month-to-Month,Auto-Invoice,51,3619.62,186008.26,401,238,6,0,3,4,64.2,0,10,1,1,0
AC-1378,Synergy Global,Financial Services,Mid-Market,2-Year Fixed,Auto-Invoice,10,1848.84,19324.51,74,28,4,0,6,0,85.6,1,0,1,0,0
AC-1379,Zenith Solutions,E-Commerce,Enterprise,1-Year Fixed,Auto-Invoice,6,2217.58,13229.07,375,140,4,2,4,3,45.6,0,0,1,1,1
AC-1380,Crest Logistics,Enterprise Tech,Enterprise,1-Year Fixed,ACH Direct Debit,62,2338.79,147771.79,87,81,1,1,8,2,71.1,1,15,1,1,0
AC-1381,Starlight Data,Enterprise Tech,Mid-Market,Month-to-Month,Auto-Invoice,5,670.73,3378.79,63,45,0,0,4,2,56.6,1,10,1,0,0
AC-1382,Quantum Health,Manufacturing,Enterprise,Month-to-Month,Auto-Invoice,70,4688.13,317561.37,157,150,4,0,5,4,60.7,1,25,1,0,0
AC-1383,Synergy Systems,Enterprise Tech,Mid-Market,1-Year Fixed,Auto-Invoice,63,700.35,44528.26,57,31,3,1,6,4,97.8,1,0,1,1,0
AC-1384,Nexus Data,Logistics,Enterprise,2-Year Fixed,ACH Direct Debit,56,2439.21,137143.74,200,155,6,0,10,4,38.3,0,5,1,1,0
AC-1385,Solstice Health,Financial Services,Enterprise,2-Year Fixed,Credit Card,59,2699.13,159151.62,123,55,4,0,5,0,81.8,0,5,1,1,0
AC-1386,Velocity Data,E-Commerce,Mid-Market,Month-to-Month,Auto-Invoice,63,1779.44,112255.2,49,36,2,0,7,9,59.4,0,15,1,1,0
AC-1387,Apex Health,E-Commerce,SMB,1-Year Fixed,Credit Card,59,788.33,44948.63,16,6,5,2,8,4,58.5,0,0,1,0,0
AC-1388,Quantum Systems,Healthcare,Mid-Market,3-Year Enterprise,Credit Card,51,730.84,37136.71,47,14,4,2,10,10,48.0,1,5,1,0,0
AC-1389,Hyperion Labs,Financial Services,SMB,1-Year Fixed,Credit Card,50,341.45,17252.88,9,9,4,0,9,10,81.6,1,0,1,1,0
AC-1390,Hyperion Logistics,Enterprise Tech,Enterprise,2-Year Fixed,Auto-Invoice,4,3907.11,15611.95,456,314,4,0,9,2,64.6,0,15,1,1,0
AC-1391,Crest Labs,Enterprise Tech,SMB,Month-to-Month,ACH Direct Debit,48,772.79,37051.95,18,17,1,0,9,0,62.3,0,0,1,1,0
AC-1392,Hyperion Labs,Financial Services,Enterprise,3-Year Enterprise,Auto-Invoice,32,2013.73,61716.91,362,193,2,0,5,14,70.0,0,0,1,0,0
AC-1393,Aegis Data,E-Commerce,Mid-Market,2-Year Fixed,Credit Card,51,1185.2,58576.08,40,21,5,0,8,8,64.9,1,5,1,0,0
AC-1394,Omni Corp,Professional Services,Mid-Market,3-Year Enterprise,Auto-Invoice,52,719.88,36763.59,51,30,5,0,9,0,32.0,1,5,1,0,0
AC-1395,Nexus Global,Manufacturing,SMB,1-Year Fixed,Auto-Invoice,34,437.73,14762.79,13,10,6,2,5,7,59.2,1,0,1,0,0
AC-1396,Starlight Health,Logistics,Mid-Market,1-Year Fixed,Auto-Invoice,36,974.26,35402.83,25,17,2,0,6,0,84.1,0,0,0,1,0
AC-1397,Vortex Health,Logistics,Enterprise,3-Year Enterprise,Credit Card,70,3713.32,269376.92,319,302,2,1,6,0,40.9,1,15,1,1,0
AC-1398,Apex Systems,E-Commerce,Enterprise,Month-to-Month,Auto-Invoice,43,3488.34,144886.14,83,26,5,0,9,4,48.4,0,0,1,0,1
AC-1399,Omni Technologies,Financial Services,SMB,Month-to-Month,ACH Direct Debit,16,229.69,3496.83,8,6,4,0,7,0,60.3,1,0,1,1,1
AC-1400,Hyperion Global,Manufacturing,Mid-Market,2-Year Fixed,Auto-Invoice,59,1955.8,114806.44,27,14,5,2,7,20,54.9,1,0,1,1,0
AC-1401,Synergy Health,E-Commerce,SMB,2-Year Fixed,Credit Card,53,599.28,31546.19,17,7,1,0,5,13,67.5,1,20,1,0,0
AC-1402,Aegis Data,Healthcare,Enterprise,3-Year Enterprise,ACH Direct Debit,19,2457.97,46943.82,228,150,9,0,7,6,48.3,1,0,1,1,0
AC-1403,Titan Capital,Enterprise Tech,Mid-Market,Month-to-Month,Credit Card,41,771.27,32675.79,58,38,5,0,6,0,61.0,1,15,1,0,0
AC-1404,Hyperion Data,Financial Services,Enterprise,2-Year Fixed,ACH Direct Debit,47,2025.99,98100.65,78,31,7,2,8,2,67.1,0,15,1,1,0
AC-1405,Quantum Data,Healthcare,SMB,2-Year Fixed,Credit Card,54,449.09,23280.93,8,4,6,1,5,2,79.7,0,5,0,0,0
AC-1406,Omni Capital,Manufacturing,Mid-Market,Month-to-Month,Auto-Invoice,55,1035.63,59431.67,70,41,3,2,8,4,90.4,1,0,1,0,0
AC-1407,Titan Data,Healthcare,SMB,1-Year Fixed,ACH Direct Debit,19,383.83,7008.65,20,12,6,1,6,1,63.3,0,10,0,1,0
AC-1408,Starlight Logistics,Financial Services,Enterprise,Month-to-Month,Auto-Invoice,62,2987.99,187748.37,399,208,5,0,5,5,100.0,0,10,1,0,0
AC-1409,Quantum Logistics,Professional Services,Mid-Market,Month-to-Month,Credit Card,59,835.74,50158.77,57,23,5,1,4,3,64.7,1,15,1,0,0
AC-1410,Crest Solutions,Enterprise Tech,Mid-Market,3-Year Enterprise,ACH Direct Debit,65,1674.49,110799.67,20,6,1,0,5,18,82.9,1,15,1,0,0
AC-1411,Crest Data,Financial Services,Mid-Market,1-Year Fixed,Auto-Invoice,68,1649.23,109516.11,29,28,7,1,7,16,100.0,1,0,1,1,0
AC-1412,Omni Health,Enterprise Tech,SMB,2-Year Fixed,Auto-Invoice,28,515.22,14181.41,11,11,3,0,7,5,70.5,0,10,0,1,0
AC-1413,Starlight Cloud,E-Commerce,SMB,3-Year Enterprise,Credit Card,18,268.81,4862.13,18,11,5,0,8,6,43.3,0,0,0,0,0
AC-1414,Hyperion Systems,Manufacturing,SMB,1-Year Fixed,ACH Direct Debit,26,795.03,20049.8,17,17,5,1,8,0,69.6,1,5,1,0,1
AC-1415,Acme Systems,Financial Services,Mid-Market,2-Year Fixed,Manual Wire,19,1433.67,25933.07,20,15,4,1,6,1,57.0,1,10,0,1,1
AC-1416,Omni Corp,Manufacturing,Enterprise,1-Year Fixed,Credit Card,55,3620.36,200357.22,372,130,6,0,9,14,63.1,1,0,0,0,1
AC-1417,Zenith Data,Financial Services,Enterprise,2-Year Fixed,Credit Card,57,2407.92,136774.88,213,81,6,0,6,7,100.0,1,0,1,1,0
AC-1418,Zenith Global,Manufacturing,SMB,Month-to-Month,Manual Wire,6,671.06,4089.47,14,13,1,1,8,1,46.0,1,0,1,0,0
AC-1419,Zenith Technologies,Logistics,Enterprise,3-Year Enterprise,Auto-Invoice,1,4094.77,3950.1,124,92,2,0,7,5,73.4,0,5,1,1,0
AC-1420,Vortex Global,Logistics,Mid-Market,Month-to-Month,Auto-Invoice,8,751.41,6216.22,70,62,5,0,8,16,52.2,0,15,0,1,1
AC-1421,Omni Health,Enterprise Tech,Mid-Market,Month-to-Month,ACH Direct Debit,51,952.24,46846.14,35,33,4,1,7,2,62.5,0,5,1,0,0
AC-1422,Vortex Logistics,Professional Services,Mid-Market,2-Year Fixed,ACH Direct Debit,25,980.75,25478.28,69,42,4,0,8,1,81.4,1,10,1,1,0
AC-1423,Quantum Solutions,E-Commerce,SMB,1-Year Fixed,ACH Direct Debit,47,603.63,28227.4,7,2,5,0,7,17,73.7,0,0,0,1,0
AC-1424,Aegis Labs,Financial Services,Mid-Market,1-Year Fixed,Credit Card,55,667.97,36921.33,78,34,1,0,9,3,63.9,1,0,1,0,0
AC-1425,Synergy Capital,Logistics,Mid-Market,1-Year Fixed,Auto-Invoice,64,1511.67,100583.68,60,21,5,0,5,3,56.3,1,0,1,0,0
AC-1426,Apex Technologies,Financial Services,Enterprise,2-Year Fixed,Credit Card,10,1535.28,15045.61,252,109,4,0,3,1,73.7,0,5,1,0,1
AC-1427,Apex Solutions,Manufacturing,Mid-Market,Month-to-Month,Auto-Invoice,56,714.61,38744.89,74,43,5,0,5,13,98.7,1,5,1,1,0
AC-1428,Velocity Systems,Enterprise Tech,Enterprise,Month-to-Month,Auto-Invoice,12,4282.76,51114.32,428,164,5,1,9,11,51.8,1,15,1,0,1
AC-1429,Aegis Labs,E-Commerce,Mid-Market,Month-to-Month,ACH Direct Debit,33,914.26,29399.32,61,25,3,2,7,3,100.0,1,5,1,1,0
AC-1430,Titan Health,Healthcare,SMB,1-Year Fixed,Auto-Invoice,71,595.72,42413.89,23,14,3,1,7,0,89.6,1,5,1,1,0
AC-1431,Hyperion Cloud,Enterprise Tech,SMB,Month-to-Month,ACH Direct Debit,17,528.58,8783.91,24,13,1,0,5,3,92.6,0,0,1,1,1
AC-1432,Aegis Systems,Enterprise Tech,Enterprise,1-Year Fixed,Credit Card,61,2014.41,127357.82,381,239,3,3,7,1,73.6,1,0,1,1,0
AC-1433,Zenith Systems,Enterprise Tech,Mid-Market,1-Year Fixed,Credit Card,10,1948.97,19698.87,70,42,10,0,5,0,89.1,0,0,1,1,0
AC-1434,Vortex Health,Healthcare,SMB,Month-to-Month,Auto-Invoice,31,502.24,14791.34,12,9,4,0,5,3,49.8,1,10,1,1,0
AC-1435,Nexus Systems,Financial Services,Enterprise,1-Year Fixed,Auto-Invoice,60,2663.04,164663.33,225,215,4,0,6,0,56.0,1,5,0,1,0
AC-1436,Omni Networks,Healthcare,Enterprise,2-Year Fixed,Auto-Invoice,70,3852.96,265127.9,454,170,3,2,8,19,81.8,1,0,1,0,0
AC-1437,Hyperion Data,Financial Services,Enterprise,Month-to-Month,Manual Wire,17,2020.42,33729.61,82,30,2,0,8,0,73.3,0,10,1,0,1
AC-1438,Apex Labs,Financial Services,Mid-Market,1-Year Fixed,ACH Direct Debit,50,1640.62,81071.75,29,26,3,0,8,3,65.3,1,5,1,0,0
AC-1439,Velocity Labs,E-Commerce,Enterprise,1-Year Fixed,Credit Card,37,2016.94,75598.89,206,135,6,2,4,1,23.0,1,0,1,1,0
AC-1440,Hyperion Global,Enterprise Tech,SMB,1-Year Fixed,Auto-Invoice,62,296.21,18258.61,18,15,5,0,7,7,60.2,1,10,1,0,0
AC-1441,Omni Networks,Manufacturing,Mid-Market,2-Year Fixed,Manual Wire,72,818.29,59674.76,64,29,5,0,7,0,46.9,0,15,1,0,0
AC-1442,Omni Labs,Manufacturing,Mid-Market,1-Year Fixed,Auto-Invoice,29,1218.59,34090.86,25,22,4,0,4,4,76.9,1,0,1,1,0
AC-1443,Omni Logistics,E-Commerce,Enterprise,1-Year Fixed,Auto-Invoice,32,1546.87,51827.15,323,306,3,1,7,9,64.6,0,10,1,1,1
AC-1444,Titan Global,Healthcare,Mid-Market,Month-to-Month,Credit Card,11,1133.24,12751.86,64,48,2,1,7,18,56.7,0,0,0,1,1
AC-1445,Apex Labs,Manufacturing,Mid-Market,1-Year Fixed,Manual Wire,6,1215.96,7113.52,52,19,3,0,8,7,100.0,0,15,1,1,0
AC-1446,Solstice Health,Enterprise Tech,SMB,1-Year Fixed,Auto-Invoice,35,580.73,20781.19,7,6,4,0,7,0,86.7,0,20,0,0,0
AC-1447,Solstice Systems,Enterprise Tech,SMB,Month-to-Month,Auto-Invoice,33,610.63,20301.97,8,7,6,2,6,0,87.0,1,5,0,1,0
AC-1448,Nexus Corp,Enterprise Tech,Mid-Market,1-Year Fixed,Manual Wire,18,747.34,12926.4,41,34,2,0,9,8,100.0,1,0,0,1,0
AC-1449,Solstice Systems,Logistics,SMB,3-Year Enterprise,Auto-Invoice,37,600.19,21492.4,6,2,3,0,3,1,82.4,1,5,1,1,0
AC-1450,Apex Capital,Enterprise Tech,SMB,1-Year Fixed,Auto-Invoice,13,340.21,4219.86,15,13,3,0,7,3,54.1,0,0,1,1,0
AC-1451,Vortex Data,Healthcare,SMB,1-Year Fixed,Credit Card,64,493.79,32579.83,20,8,1,1,3,23,52.0,0,0,0,0,1
AC-1452,Velocity Capital,Professional Services,Enterprise,3-Year Enterprise,ACH Direct Debit,1,2241.38,2252.97,222,101,3,0,5,10,85.4,0,10,1,0,0
AC-1453,Synergy Logistics,Manufacturing,Enterprise,2-Year Fixed,Credit Card,63,3898.65,241114.02,436,307,4,1,8,11,30.9,0,0,1,1,0
AC-1454,Titan Solutions,Healthcare,Enterprise,1-Year Fixed,Manual Wire,34,3835.94,125548.68,455,221,4,0,5,12,66.6,1,0,1,0,1
AC-1455,Hyperion Technologies,Enterprise Tech,Mid-Market,2-Year Fixed,Credit Card,10,1351.28,13491.24,66,50,5,0,4,5,28.9,1,10,1,0,0
AC-1456,Nexus Cloud,Logistics,Mid-Market,2-Year Fixed,Auto-Invoice,7,1941.17,13622.52,36,26,5,2,10,8,69.8,1,10,1,1,0
AC-1457,Vortex Data,Healthcare,Mid-Market,1-Year Fixed,Manual Wire,56,1423.94,81350.99,45,17,2,1,4,2,83.4,1,0,1,0,0
AC-1458,Apex Technologies,Enterprise Tech,SMB,1-Year Fixed,Credit Card,37,665.18,25768.25,6,5,2,2,10,39,73.0,0,10,1,1,0
AC-1459,Crest Labs,Enterprise Tech,SMB,1-Year Fixed,Auto-Invoice,29,680.99,19620.24,14,13,6,1,7,2,84.9,0,20,1,0,0
AC-1460,Solstice Cloud,Manufacturing,SMB,3-Year Enterprise,Credit Card,12,589.72,7010.14,21,9,4,1,6,5,100.0,1,0,1,0,0
AC-1461,Acme Systems,E-Commerce,Mid-Market,1-Year Fixed,Auto-Invoice,17,700.72,11757.3,58,42,2,1,8,2,65.4,1,5,1,1,0
AC-1462,Velocity Networks,Logistics,Mid-Market,Month-to-Month,Auto-Invoice,48,664.46,32936.77,71,38,2,1,10,0,100.0,1,10,1,0,0
AC-1463,Velocity Labs,Manufacturing,Enterprise,2-Year Fixed,Auto-Invoice,26,2251.88,56536.66,280,174,2,0,5,5,71.8,0,10,1,1,0
AC-1464,Omni Solutions,Healthcare,Enterprise,1-Year Fixed,Credit Card,12,3117.73,36828.42,296,148,3,3,6,2,85.1,0,0,1,1,1
AC-1465,Aegis Global,Healthcare,Enterprise,Month-to-Month,ACH Direct Debit,21,2682.36,57596.81,210,115,3,2,9,5,57.0,0,0,1,1,1
AC-1466,Synergy Technologies,Financial Services,Mid-Market,1-Year Fixed,Credit Card,42,1173.84,46913.59,59,19,5,1,8,5,97.1,1,15,1,0,0
AC-1467,Crest Solutions,Financial Services,Mid-Market,1-Year Fixed,Manual Wire,61,1487.71,88838.93,38,38,9,0,10,4,86.8,0,20,1,1,0
AC-1468,Hyperion Solutions,Financial Services,SMB,2-Year Fixed,Auto-Invoice,58,761.48,44790.55,16,12,9,0,8,0,94.5,1,15,1,0,0
AC-1469,Vortex Solutions,Logistics,Enterprise,Month-to-Month,Auto-Invoice,54,2003.49,104790.82,331,215,3,0,10,3,69.0,1,20,1,1,0
AC-1470,Solstice Cloud,E-Commerce,Mid-Market,2-Year Fixed,Auto-Invoice,34,1327.22,44235.2,74,42,1,0,8,10,45.4,1,10,1,0,0
AC-1471,Nexus Solutions,Manufacturing,Mid-Market,1-Year Fixed,Auto-Invoice,7,1253.54,8762.53,51,35,4,0,8,2,76.3,0,20,1,0,0
AC-1472,Starlight Health,Financial Services,Enterprise,Month-to-Month,Auto-Invoice,35,2833.93,98414.12,215,122,6,0,8,3,37.5,1,10,1,1,1
AC-1473,Hyperion Systems,E-Commerce,Mid-Market,3-Year Enterprise,ACH Direct Debit,15,1934.31,27871.55,67,37,4,0,7,4,61.9,0,20,0,1,0
AC-1474,Quantum Data,E-Commerce,Enterprise,1-Year Fixed,Manual Wire,65,4707.35,319386.78,295,184,5,1,9,12,71.4,1,0,1,1,0
AC-1475,Solstice Networks,Healthcare,Mid-Market,Month-to-Month,Manual Wire,25,841.42,20076.9,29,14,3,2,8,6,100.0,0,15,1,1,0
AC-1476,Titan Global,E-Commerce,Mid-Market,1-Year Fixed,Auto-Invoice,59,1741.99,105344.2,74,32,5,1,9,0,73.7,0,0,1,0,0
AC-1477,Apex Labs,Enterprise Tech,Enterprise,2-Year Fixed,ACH Direct Debit,6,2458.58,14119.27,251,173,8,0,9,12,70.5,0,0,1,0,1
AC-1478,Zenith Corp,Healthcare,Enterprise,Month-to-Month,Auto-Invoice,52,2045.07,105995.85,70,62,6,1,8,10,66.9,1,5,1,1,0
AC-1479,Titan Capital,Enterprise Tech,Mid-Market,Month-to-Month,Auto-Invoice,21,1929.86,39211.6,66,27,0,2,8,8,43.8,0,5,1,0,0
AC-1480,Apex Logistics,Financial Services,SMB,Month-to-Month,ACH Direct Debit,71,632.61,43303.29,13,4,2,2,5,3,69.5,1,0,1,0,0
AC-1481,Apex Data,Healthcare,Mid-Market,Month-to-Month,Credit Card,32,1939.18,59732.32,33,16,6,1,6,8,69.9,0,25,1,1,0
AC-1482,Starlight Capital,E-Commerce,Mid-Market,2-Year Fixed,Auto-Invoice,53,1115.58,58846.59,16,16,3,0,9,4,50.6,0,10,0,0,0
AC-1483,Omni Solutions,Professional Services,Mid-Market,1-Year Fixed,Credit Card,59,1504.75,88917.73,69,61,7,0,10,8,46.6,1,20,0,1,0
AC-1484,Hyperion Labs,E-Commerce,SMB,Month-to-Month,Auto-Invoice,69,451.79,30030.64,16,11,2,0,3,13,59.3,0,25,1,1,0
AC-1485,Vortex Cloud,E-Commerce,SMB,Month-to-Month,ACH Direct Debit,62,257.95,16759.59,20,19,5,0,6,13,69.2,1,5,1,1,0
AC-1486,Aegis Cloud,Healthcare,Mid-Market,Month-to-Month,Credit Card,4,1498.24,5847.79,29,18,5,1,7,3,59.8,1,0,1,0,0
AC-1487,Nexus Health,E-Commerce,Mid-Market,3-Year Enterprise,Manual Wire,18,1500.98,26906.44,57,56,3,2,5,12,49.1,1,0,1,0,1
AC-1488,Synergy Networks,Enterprise Tech,SMB,Month-to-Month,Auto-Invoice,56,559.57,30446.82,7,4,2,0,5,0,73.2,0,5,0,1,0
AC-1489,Velocity Cloud,Financial Services,Mid-Market,3-Year Enterprise,Auto-Invoice,24,1311.69,31461.43,38,18,0,1,8,0,77.7,1,10,1,0,0
AC-1490,Hyperion Capital,Financial Services,Mid-Market,1-Year Fixed,Credit Card,66,1174.72,79516.46,44,33,3,2,10,4,70.2,1,5,1,1,0
AC-1491,Starlight Capital,Healthcare,Enterprise,Month-to-Month,Credit Card,13,4283.48,55802.75,99,56,2,1,3,6,57.9,1,5,0,1,1
AC-1492,Starlight Capital,Enterprise Tech,SMB,2-Year Fixed,Auto-Invoice,62,537.68,32621.6,8,6,3,1,7,1,78.7,0,0,0,1,0
AC-1493,Acme Global,Enterprise Tech,SMB,1-Year Fixed,ACH Direct Debit,54,367.09,19324.11,21,11,3,0,8,3,64.6,1,5,0,1,0
AC-1494,Nexus Cloud,Financial Services,Enterprise,2-Year Fixed,ACH Direct Debit,15,4514.26,69467.25,279,204,2,2,9,0,46.6,1,0,0,0,0
AC-1495,Zenith Solutions,Professional Services,Mid-Market,3-Year Enterprise,Manual Wire,69,1135.26,75342.49,42,21,3,1,8,5,86.7,1,15,1,1,0
AC-1496,Zenith Logistics,Financial Services,Mid-Market,Month-to-Month,ACH Direct Debit,3,1225.78,3629.52,25,8,5,4,10,11,74.4,1,0,1,0,1
AC-1497,Nexus Global,Healthcare,Enterprise,Month-to-Month,ACH Direct Debit,37,4530.25,161777.43,79,74,1,1,7,8,65.9,1,5,1,1,1
AC-1498,Omni Labs,Enterprise Tech,SMB,2-Year Fixed,Credit Card,37,370.59,13379.97,20,18,3,0,10,2,39.7,0,0,1,0,0
AC-1499,Vortex Data,E-Commerce,Enterprise,Month-to-Month,ACH Direct Debit,3,4150.09,12017.85,165,162,2,2,6,31,54.6,0,15,1,1,1
AC-1500,Titan Technologies,Financial Services,Enterprise,Month-to-Month,Auto-Invoice,63,4112.59,269114.18,445,357,4,0,7,6,100.0,0,5,1,1,0
AC-1501,Omni Technologies,Enterprise Tech,Mid-Market,Month-to-Month,Auto-Invoice,35,770.17,27581.07,21,16,1,0,5,10,40.8,0,0,1,0,1
AC-1502,Apex Labs,Healthcare,Mid-Market,Month-to-Month,Auto-Invoice,52,762.96,39915.64,20,14,7,0,9,6,63.5,1,5,0,1,1
AC-1503,Acme Data,Enterprise Tech,Enterprise,2-Year Fixed,Credit Card,28,1808.44,49240.91,125,49,3,0,7,27,67.7,1,20,0,0,0
AC-1504,Titan Solutions,Enterprise Tech,Mid-Market,Month-to-Month,Auto-Invoice,18,718.01,12937.4,69,30,5,2,8,10,73.8,1,20,1,0,0
AC-1505,Apex Logistics,Enterprise Tech,Mid-Market,1-Year Fixed,Manual Wire,36,1468.04,52959.54,63,32,8,1,7,4,41.1,1,0,1,0,0
AC-1506,Zenith Cloud,Enterprise Tech,Enterprise,1-Year Fixed,Auto-Invoice,33,2873.95,95697.74,181,167,3,2,8,2,71.1,1,10,1,1,0
AC-1507,Acme Logistics,Enterprise Tech,Enterprise,1-Year Fixed,Auto-Invoice,64,4248.84,259963.34,469,197,8,2,8,7,37.7,0,0,0,0,1
AC-1508,Acme Health,Financial Services,Mid-Market,Month-to-Month,Credit Card,26,619.92,16880.14,20,19,3,1,5,5,69.8,1,0,1,1,0
AC-1509,Hyperion Capital,Logistics,Enterprise,2-Year Fixed,Auto-Invoice,48,2549.27,121942.05,447,298,4,3,5,6,56.3,1,5,1,0,0
AC-1510,Solstice Cloud,Healthcare,SMB,Month-to-Month,Auto-Invoice,40,549.77,22928.78,22,18,9,0,7,2,52.4,1,0,0,1,0
AC-1511,Velocity Systems,Healthcare,SMB,2-Year Fixed,Auto-Invoice,17,241.71,3907.65,22,8,7,0,9,3,83.0,1,15,1,1,0
AC-1512,Titan Corp,Financial Services,SMB,2-Year Fixed,Credit Card,40,228.61,8913.56,18,9,5,0,10,5,63.8,1,20,1,1,0
AC-1513,Apex Capital,Professional Services,Enterprise,1-Year Fixed,Credit Card,7,3079.33,20701.71,279,271,2,0,8,11,76.5,1,0,1,0,1
AC-1514,Apex Global,Financial Services,SMB,1-Year Fixed,ACH Direct Debit,57,765.13,44788.27,6,3,7,1,9,8,77.1,1,0,1,1,0
AC-1515,Zenith Corp,Enterprise Tech,Mid-Market,1-Year Fixed,ACH Direct Debit,8,1469.94,11548.0,40,20,3,1,4,0,90.9,0,5,1,0,0
AC-1516,Velocity Capital,E-Commerce,Mid-Market,1-Year Fixed,Credit Card,56,849.88,49213.8,62,27,2,0,10,1,46.3,0,10,1,0,1
AC-1517,Hyperion Logistics,Enterprise Tech,Enterprise,2-Year Fixed,Auto-Invoice,31,4477.0,143400.08,410,160,5,0,8,0,84.5,1,20,1,1,0
AC-1518,Crest Networks,Financial Services,Enterprise,2-Year Fixed,Auto-Invoice,59,4527.61,271611.28,121,56,7,0,7,0,68.3,1,15,1,0,0
AC-1519,Solstice Capital,Healthcare,Mid-Market,Month-to-Month,ACH Direct Debit,58,1942.78,114549.29,26,19,7,0,7,1,61.2,0,10,0,0,1
AC-1520,Vortex Logistics,Manufacturing,Mid-Market,1-Year Fixed,Auto-Invoice,12,700.63,8575.85,37,23,4,0,5,9,47.3,1,0,1,0,1
AC-1521,Solstice Cloud,Healthcare,Enterprise,3-Year Enterprise,Auto-Invoice,48,2821.17,137769.2,193,133,3,2,5,14,78.9,1,15,1,0,0
AC-1522,Quantum Global,E-Commerce,Mid-Market,3-Year Enterprise,ACH Direct Debit,31,1863.07,57102.01,23,9,7,1,10,3,51.4,1,0,0,0,0
AC-1523,Synergy Global,Professional Services,Enterprise,1-Year Fixed,Credit Card,63,2685.23,172262.38,333,287,1,1,5,5,77.3,1,20,0,1,0
AC-1524,Velocity Networks,Enterprise Tech,Mid-Market,1-Year Fixed,Auto-Invoice,39,1297.92,52630.51,31,26,0,0,5,7,100.0,1,0,1,0,0
AC-1525,Solstice Cloud,Financial Services,Mid-Market,Month-to-Month,Auto-Invoice,20,1090.01,21435.21,56,18,2,0,6,18,85.6,1,10,0,1,1
AC-1526,Velocity Data,Financial Services,SMB,3-Year Enterprise,Manual Wire,48,264.5,13260.83,11,6,5,0,5,15,93.0,0,0,1,1,0
AC-1527,Zenith Solutions,Financial Services,SMB,Month-to-Month,ACH Direct Debit,71,717.38,48456.46,14,5,5,2,7,0,55.1,1,5,0,1,1
AC-1528,Titan Technologies,Financial Services,Mid-Market,1-Year Fixed,ACH Direct Debit,54,690.86,36743.42,71,61,5,0,9,1,81.7,0,10,0,1,0
AC-1529,Nexus Global,Manufacturing,Mid-Market,Month-to-Month,Credit Card,71,1476.31,100961.74,28,23,5,1,6,0,47.4,0,10,1,1,0
AC-1530,Velocity Health,E-Commerce,Mid-Market,Month-to-Month,Credit Card,29,1183.59,33042.52,53,49,2,2,4,5,63.8,1,15,1,1,1
AC-1531,Synergy Labs,E-Commerce,SMB,1-Year Fixed,Manual Wire,48,561.77,27815.51,18,8,8,2,8,7,99.3,1,10,1,0,0
AC-1532,Crest Logistics,Financial Services,Mid-Market,3-Year Enterprise,Manual Wire,56,894.75,52202.28,32,20,6,0,7,2,57.1,1,0,1,1,0
AC-1533,Synergy Health,Logistics,Enterprise,Month-to-Month,Auto-Invoice,17,3643.46,63659.22,133,57,3,2,9,11,88.0,0,15,0,1,0
AC-1534,Apex Networks,Professional Services,Enterprise,1-Year Fixed,ACH Direct Debit,9,2900.01,27344.06,97,54,4,1,6,3,86.3,1,15,1,1,0
AC-1535,Hyperion Logistics,Logistics,Mid-Market,Month-to-Month,Auto-Invoice,34,1430.36,47252.68,59,39,1,0,7,39,87.3,0,0,0,0,1
AC-1536,Solstice Data,Enterprise Tech,Mid-Market,Month-to-Month,Auto-Invoice,45,1121.24,48643.43,18,6,4,0,7,0,45.2,0,15,1,1,0
AC-1537,Acme Systems,E-Commerce,SMB,1-Year Fixed,Credit Card,9,290.4,2619.01,17,14,7,1,7,0,77.5,1,25,1,1,0
AC-1538,Zenith Corp,Enterprise Tech,Enterprise,1-Year Fixed,Credit Card,7,3437.69,24855.62,423,288,2,1,6,2,65.2,1,10,1,1,0
AC-1539,Acme Corp,Financial Services,Mid-Market,Month-to-Month,Manual Wire,16,844.58,12891.45,79,70,2,1,6,0,87.6,1,0,1,1,0
AC-1540,Titan Global,Enterprise Tech,SMB,Month-to-Month,Auto-Invoice,19,333.67,6653.91,23,11,1,0,3,9,38.2,1,10,1,1,0
AC-1541,Acme Solutions,E-Commerce,SMB,Month-to-Month,Credit Card,6,276.83,1677.96,24,22,4,2,6,0,74.6,1,5,1,1,0
AC-1542,Velocity Corp,E-Commerce,Mid-Market,Month-to-Month,Manual Wire,11,1487.34,17144.32,58,58,4,1,9,8,72.1,0,10,1,0,0
AC-1543,Velocity Technologies,Enterprise Tech,Mid-Market,3-Year Enterprise,Manual Wire,61,1396.69,84048.61,32,30,2,0,9,0,32.2,0,5,1,1,0
AC-1544,Vortex Capital,Financial Services,Mid-Market,3-Year Enterprise,Auto-Invoice,42,1135.62,47495.83,61,52,6,1,6,1,52.1,1,20,0,0,0
AC-1545,Quantum Systems,Healthcare,SMB,Month-to-Month,Auto-Invoice,13,424.25,5654.43,9,8,5,0,10,11,35.1,1,10,1,1,0
AC-1546,Crest Global,Financial Services,Enterprise,1-Year Fixed,Credit Card,12,3025.77,37372.01,209,147,4,0,7,18,54.9,1,0,1,0,0
AC-1547,Titan Health,Enterprise Tech,SMB,3-Year Enterprise,Auto-Invoice,20,570.69,11109.09,11,5,4,2,4,3,77.9,0,10,0,0,1
AC-1548,Omni Technologies,Financial Services,Mid-Market,Month-to-Month,Manual Wire,50,1886.46,98377.01,61,47,5,1,4,21,71.5,1,5,1,0,0
AC-1549,Starlight Logistics,Logistics,Mid-Market,2-Year Fixed,Manual Wire,36,1559.98,58222.7,22,18,6,0,10,6,71.0,0,0,1,1,0
AC-1550,Vortex Cloud,Enterprise Tech,Enterprise,3-Year Enterprise,Auto-Invoice,69,2406.81,158068.73,194,192,3,1,6,3,49.3,1,5,0,1,1
AC-1551,Quantum Cloud,Enterprise Tech,Mid-Market,Month-to-Month,Auto-Invoice,37,1768.13,62990.87,27,18,5,0,5,9,88.2,1,0,1,0,1
AC-1552,Zenith Technologies,Financial Services,Mid-Market,Month-to-Month,Auto-Invoice,12,1092.29,13102.36,69,34,3,1,2,2,67.7,0,20,1,1,1
AC-1553,Omni Health,Professional Services,Enterprise,3-Year Enterprise,Manual Wire,40,2552.95,101719.29,402,313,3,1,6,1,68.6,1,5,1,1,0
AC-1554,Apex Labs,E-Commerce,Mid-Market,1-Year Fixed,Auto-Invoice,54,1471.58,81121.3,18,18,2,0,8,6,84.9,1,15,1,1,0
AC-1555,Hyperion Labs,E-Commerce,SMB,Month-to-Month,Credit Card,2,271.04,519.84,14,6,2,0,6,3,50.2,1,0,1,1,1
AC-1556,Hyperion Technologies,Financial Services,Mid-Market,Month-to-Month,Credit Card,50,1396.66,70844.57,26,14,4,1,5,0,72.1,1,10,0,0,0
AC-1557,Synergy Corp,Healthcare,Mid-Market,1-Year Fixed,Credit Card,41,1635.31,67827.94,73,50,3,0,6,0,75.6,1,10,0,0,0
AC-1558,Solstice Cloud,Enterprise Tech,Enterprise,1-Year Fixed,Auto-Invoice,45,1877.87,82253.13,394,165,2,0,10,9,58.2,1,5,1,0,0
AC-1559,Solstice Capital,E-Commerce,Mid-Market,2-Year Fixed,Auto-Invoice,9,1022.57,9242.15,58,18,2,1,4,6,79.7,1,25,1,1,0
AC-1560,Synergy Health,Manufacturing,Enterprise,3-Year Enterprise,Manual Wire,62,2182.31,131544.59,91,49,1,1,6,3,76.6,0,5,1,0,0
AC-1561,Synergy Global,E-Commerce,Mid-Market,Month-to-Month,Manual Wire,47,1469.35,66621.12,20,18,2,2,10,13,66.2,0,10,1,1,1
AC-1562,Nexus Capital,Manufacturing,SMB,1-Year Fixed,ACH Direct Debit,5,651.24,3280.01,12,4,4,3,8,3,65.6,0,0,1,0,1
AC-1563,Omni Corp,E-Commerce,Mid-Market,1-Year Fixed,Auto-Invoice,1,1665.94,1745.48,72,43,4,2,8,7,77.4,1,5,0,0,0
AC-1564,Quantum Technologies,Enterprise Tech,Enterprise,1-Year Fixed,Auto-Invoice,44,4508.34,193148.59,473,394,9,0,6,14,82.2,1,15,1,1,0
AC-1565,Vortex Corp,Manufacturing,Mid-Market,Month-to-Month,Credit Card,22,611.32,13254.48,55,53,7,2,7,11,69.1,1,15,1,1,0
AC-1566,Crest Cloud,Enterprise Tech,Mid-Market,3-Year Enterprise,Auto-Invoice,38,1212.49,44953.04,49,49,0,1,6,4,88.2,0,5,1,0,0
AC-1567,Starlight Technologies,Healthcare,Mid-Market,2-Year Fixed,Manual Wire,19,958.46,17785.45,24,14,5,0,5,7,79.9,1,20,1,1,1
AC-1568,Hyperion Systems,Enterprise Tech,SMB,1-Year Fixed,Credit Card,31,229.99,7061.38,15,14,7,1,5,3,35.8,1,5,1,1,0
AC-1569,Solstice Capital,Enterprise Tech,SMB,1-Year Fixed,Auto-Invoice,67,565.94,38683.38,14,5,2,1,9,6,42.7,0,10,1,1,0
AC-1570,Hyperion Global,Financial Services,Mid-Market,Month-to-Month,Manual Wire,42,1997.15,80011.78,69,57,7,1,7,1,89.3,1,5,1,0,0
AC-1571,Solstice Health,Financial Services,Mid-Market,1-Year Fixed,Manual Wire,26,852.83,23187.19,32,24,4,1,8,3,63.6,1,10,1,0,1
AC-1572,Vortex Cloud,Healthcare,Enterprise,1-Year Fixed,Auto-Invoice,13,3637.31,45139.61,62,29,2,0,8,1,71.0,1,5,0,1,0
AC-1573,Quantum Logistics,Healthcare,Enterprise,1-Year Fixed,Credit Card,58,2891.79,174118.34,193,126,6,1,8,0,88.5,1,5,1,1,0
AC-1574,Nexus Data,Enterprise Tech,Mid-Market,3-Year Enterprise,Auto-Invoice,18,1768.81,33094.22,68,27,3,1,7,5,67.9,1,20,1,1,1
AC-1575,Omni Technologies,Enterprise Tech,Mid-Market,1-Year Fixed,Auto-Invoice,67,1011.45,67933.11,44,40,2,0,6,12,68.7,1,0,1,1,0
AC-1576,Titan Technologies,Healthcare,Mid-Market,1-Year Fixed,Auto-Invoice,3,679.66,1964.96,34,19,3,0,5,0,52.4,0,0,0,1,0
AC-1577,Starlight Global,Financial Services,Mid-Market,2-Year Fixed,Credit Card,55,673.49,37283.26,56,41,5,1,4,1,74.7,1,0,0,0,0
AC-1578,Starlight Systems,E-Commerce,Enterprise,Month-to-Month,Manual Wire,58,1742.82,102383.82,242,99,6,2,5,3,78.6,1,5,1,0,0
AC-1579,Starlight Systems,E-Commerce,Mid-Market,1-Year Fixed,Credit Card,63,1904.56,124279.93,64,28,2,1,6,6,57.6,1,5,1,0,0
AC-1580,Crest Systems,Logistics,Enterprise,Month-to-Month,Auto-Invoice,52,4116.93,215169.93,424,422,2,1,4,1,51.4,0,0,1,1,0
AC-1581,Titan Technologies,E-Commerce,Enterprise,1-Year Fixed,Credit Card,24,1937.72,46090.03,214,177,5,0,4,0,100.0,1,5,0,1,0
AC-1582,Omni Cloud,Financial Services,SMB,2-Year Fixed,Auto-Invoice,72,303.47,22589.0,23,22,4,0,9,4,66.3,1,10,1,1,0
AC-1583,Velocity Corp,E-Commerce,Enterprise,1-Year Fixed,ACH Direct Debit,9,4070.92,38400.4,166,84,2,2,8,10,55.7,0,15,1,1,1
AC-1584,Zenith Cloud,Financial Services,Mid-Market,2-Year Fixed,Credit Card,37,1575.17,59126.97,51,21,5,1,6,0,80.7,1,25,1,1,0
AC-1585,Nexus Systems,Financial Services,Enterprise,1-Year Fixed,Auto-Invoice,53,2037.62,112037.01,427,278,3,1,10,2,67.1,1,10,1,0,0
AC-1586,Hyperion Solutions,Logistics,SMB,Month-to-Month,Auto-Invoice,24,640.62,15526.68,17,11,2,1,4,6,48.5,1,0,1,0,0
AC-1587,Quantum Logistics,Financial Services,Mid-Market,2-Year Fixed,ACH Direct Debit,21,1778.77,38063.11,65,27,4,0,9,0,76.7,0,0,1,1,0
AC-1588,Omni Networks,Logistics,Enterprise,Month-to-Month,Auto-Invoice,40,3398.42,138494.68,400,325,6,1,7,1,52.6,0,15,1,1,0
AC-1589,Titan Data,Logistics,Mid-Market,Month-to-Month,ACH Direct Debit,62,1491.06,94338.89,70,39,10,1,9,4,96.4,1,10,1,1,0
AC-1590,Vortex Capital,Manufacturing,Mid-Market,1-Year Fixed,Auto-Invoice,70,1151.44,79158.15,25,11,5,1,7,18,76.9,1,0,1,0,0
AC-1591,Vortex Corp,Manufacturing,SMB,Month-to-Month,Auto-Invoice,69,434.8,30228.19,17,9,4,0,3,2,63.0,0,0,1,1,0
AC-1592,Apex Labs,Financial Services,Enterprise,Month-to-Month,Credit Card,14,4278.68,60465.41,275,191,5,0,7,4,70.0,0,15,1,1,0
AC-1593,Acme Systems,Financial Services,SMB,1-Year Fixed,Manual Wire,42,610.96,25185.79,10,8,4,3,8,3,84.3,0,10,1,0,0
AC-1594,Acme Cloud,Healthcare,SMB,1-Year Fixed,Manual Wire,50,778.27,38329.22,24,15,5,0,3,14,71.3,1,10,1,1,0
AC-1595,Velocity Capital,Financial Services,SMB,1-Year Fixed,Auto-Invoice,61,758.51,47482.5,16,11,6,1,10,0,100.0,1,0,1,0,0
AC-1596,Hyperion Networks,E-Commerce,Mid-Market,3-Year Enterprise,Auto-Invoice,4,1245.96,5025.07,15,6,3,1,8,5,88.4,1,10,1,1,0
AC-1597,Nexus Systems,E-Commerce,Mid-Market,1-Year Fixed,Auto-Invoice,72,1247.86,86694.23,60,56,4,2,9,11,76.8,1,15,0,1,0
AC-1598,Omni Data,E-Commerce,Mid-Market,2-Year Fixed,Credit Card,17,1361.32,23923.81,57,54,6,1,5,27,51.1,1,15,1,0,0
AC-1599,Crest Solutions,Financial Services,SMB,Month-to-Month,Credit Card,57,250.08,14800.67,15,12,3,2,9,7,65.4,1,10,1,1,0
AC-1600,Solstice Labs,Enterprise Tech,Mid-Market,1-Year Fixed,Manual Wire,48,627.05,29996.49,17,5,4,0,9,2,76.6,0,10,1,0,0
AC-1601,Quantum Cloud,Financial Services,Mid-Market,2-Year Fixed,Manual Wire,44,1302.82,55655.42,28,19,5,0,8,3,53.2,1,10,1,0,0
AC-1602,Acme Solutions,Enterprise Tech,Mid-Market,1-Year Fixed,Auto-Invoice,45,1423.63,66930.87,16,12,2,0,7,2,91.3,1,5,1,1,0
AC-1603,Crest Global,Manufacturing,Mid-Market,2-Year Fixed,Credit Card,33,1080.69,37026.05,75,75,1,1,5,5,50.5,1,0,1,1,1
AC-1604,Nexus Systems,Financial Services,SMB,1-Year Fixed,ACH Direct Debit,31,420.24,12694.43,7,7,5,1,7,8,56.5,1,15,1,0,0
AC-1605,Quantum Technologies,Enterprise Tech,Enterprise,Month-to-Month,ACH Direct Debit,47,3675.95,165782.74,106,95,3,1,6,10,57.9,0,5,1,0,1
AC-1606,Crest Capital,Enterprise Tech,SMB,1-Year Fixed,Auto-Invoice,6,509.82,3040.77,21,7,3,0,8,3,81.4,0,10,1,1,0
AC-1607,Aegis Health,E-Commerce,Mid-Market,1-Year Fixed,Auto-Invoice,72,1947.86,142719.82,56,54,9,2,5,7,53.5,1,25,1,0,0
AC-1608,Omni Data,E-Commerce,SMB,2-Year Fixed,Credit Card,71,392.95,26993.8,23,17,1,1,8,15,35.6,0,25,1,0,0
AC-1609,Solstice Global,Financial Services,Mid-Market,Month-to-Month,Auto-Invoice,34,1085.1,36942.15,55,47,2,0,5,15,87.6,0,10,0,0,0
AC-1610,Omni Labs,Enterprise Tech,Mid-Market,3-Year Enterprise,Auto-Invoice,53,1433.95,75432.51,39,23,3,1,7,7,60.0,1,0,1,1,0
AC-1611,Omni Global,Financial Services,SMB,3-Year Enterprise,Auto-Invoice,14,687.11,9995.23,22,12,0,1,8,6,48.8,1,5,1,1,0
AC-1612,Aegis Logistics,Financial Services,Enterprise,Month-to-Month,Credit Card,16,2626.97,41735.48,237,148,2,0,6,4,54.4,0,20,1,0,1
AC-1613,Solstice Corp,E-Commerce,SMB,Month-to-Month,Auto-Invoice,43,681.17,29389.24,5,2,5,1,9,1,98.9,0,0,0,1,0
AC-1614,Acme Logistics,E-Commerce,Mid-Market,2-Year Fixed,Auto-Invoice,12,601.52,7546.88,60,33,3,1,8,0,56.2,0,25,1,0,0
AC-1615,Acme Solutions,Financial Services,Mid-Market,3-Year Enterprise,Auto-Invoice,70,1860.92,127655.1,62,56,6,2,7,4,65.8,1,0,1,1,1
AC-1616,Quantum Capital,Enterprise Tech,Mid-Market,1-Year Fixed,ACH Direct Debit,19,1398.33,26007.66,77,25,3,1,10,1,60.0,1,10,1,0,0
AC-1617,Synergy Capital,Professional Services,Mid-Market,Month-to-Month,ACH Direct Debit,41,1112.39,46974.38,53,21,4,0,7,5,45.8,0,5,1,0,1
AC-1618,Solstice Global,Healthcare,Mid-Market,1-Year Fixed,Credit Card,53,1760.87,91249.97,24,9,2,0,10,6,54.6,1,0,1,1,0
AC-1619,Zenith Technologies,E-Commerce,Enterprise,1-Year Fixed,Credit Card,29,3612.1,108227.22,318,185,3,0,10,4,44.6,0,20,1,0,0
AC-1620,Apex Networks,Enterprise Tech,Enterprise,Month-to-Month,Manual Wire,70,4599.56,308946.69,442,441,2,1,7,0,85.2,0,10,1,0,0
AC-1621,Velocity Systems,Healthcare,Enterprise,2-Year Fixed,Auto-Invoice,59,1506.38,85421.45,101,43,2,1,9,0,69.8,1,0,1,1,0
AC-1622,Acme Systems,Enterprise Tech,SMB,Month-to-Month,Auto-Invoice,64,379.19,25242.1,5,2,4,1,6,0,100.0,0,5,1,1,0
AC-1623,Apex Networks,Healthcare,SMB,Month-to-Month,Auto-Invoice,24,525.74,12669.26,20,19,5,1,5,1,55.2,1,10,1,0,1
AC-1624,Vortex Labs,Professional Services,Mid-Market,1-Year Fixed,Auto-Invoice,16,951.25,15553.04,67,61,5,3,7,28,52.5,1,0,1,1,1
AC-1625,Quantum Capital,Financial Services,Mid-Market,1-Year Fixed,Auto-Invoice,52,1431.32,72384.0,74,24,3,0,4,2,95.6,0,15,1,1,0
AC-1626,Nexus Networks,Enterprise Tech,Mid-Market,Month-to-Month,Manual Wire,6,891.27,5169.16,75,62,3,1,5,2,87.0,1,0,1,1,0
AC-1627,Nexus Technologies,Enterprise Tech,Mid-Market,1-Year Fixed,Credit Card,37,1053.39,40280.93,50,38,4,0,8,0,74.9,1,0,1,1,0
AC-1628,Hyperion Global,Financial Services,SMB,Month-to-Month,Credit Card,4,385.58,1520.52,21,18,2,1,6,6,48.0,1,0,1,1,1
AC-1629,Synergy Global,Enterprise Tech,SMB,Month-to-Month,Manual Wire,38,296.95,11233.36,14,9,4,0,9,6,99.4,1,0,1,1,0
AC-1630,Quantum Logistics,Enterprise Tech,Mid-Market,Month-to-Month,Auto-Invoice,41,1346.05,52583.02,42,42,7,1,8,1,66.7,1,5,1,0,0
AC-1631,Starlight Systems,Logistics,SMB,3-Year Enterprise,Auto-Invoice,14,551.95,7639.12,15,5,4,0,10,15,60.2,0,25,1,1,0
AC-1632,Starlight Networks,Healthcare,Enterprise,1-Year Fixed,Credit Card,71,2395.48,174678.66,286,133,5,1,8,9,88.6,1,0,1,1,0
AC-1633,Aegis Corp,Financial Services,SMB,1-Year Fixed,Credit Card,51,692.34,36443.74,8,5,3,1,10,1,67.6,0,0,1,0,0
AC-1634,Zenith Technologies,Manufacturing,Enterprise,1-Year Fixed,Auto-Invoice,65,3748.33,248483.94,144,89,5,1,8,4,47.0,0,0,0,0,1
AC-1635,Acme Systems,Enterprise Tech,Mid-Market,3-Year Enterprise,Credit Card,52,1813.5,96114.29,33,31,3,0,8,3,68.7,1,10,1,0,0
AC-1636,Zenith Labs,Professional Services,Mid-Market,Month-to-Month,Credit Card,30,1210.79,36346.36,71,49,4,0,10,2,53.9,0,10,1,0,0
AC-1637,Aegis Networks,Financial Services,Mid-Market,1-Year Fixed,Credit Card,57,661.9,37872.91,47,16,4,0,9,10,13.8,0,15,1,0,0
AC-1638,Apex Corp,Manufacturing,Enterprise,2-Year Fixed,Credit Card,30,1615.11,49628.93,452,265,6,1,8,0,52.1,1,0,1,0,0
AC-1639,Hyperion Solutions,E-Commerce,SMB,1-Year Fixed,Auto-Invoice,42,323.8,13255.94,21,12,1,2,8,3,58.5,1,10,1,0,0
AC-1640,Titan Labs,Logistics,Enterprise,Month-to-Month,Auto-Invoice,11,1851.65,19821.3,95,93,2,0,8,3,47.2,0,10,1,1,1
AC-1641,Aegis Logistics,Professional Services,Mid-Market,1-Year Fixed,Credit Card,27,806.31,22749.87,73,53,4,0,6,3,78.4,0,5,0,1,0
AC-1642,Apex Technologies,Financial Services,Enterprise,Month-to-Month,Auto-Invoice,24,1636.13,37412.49,187,139,3,2,6,12,54.0,0,5,1,0,1
AC-1643,Hyperion Corp,Professional Services,Mid-Market,1-Year Fixed,Manual Wire,39,1849.64,69535.21,31,25,5,0,10,1,76.6,0,15,1,1,0
AC-1644,Zenith Capital,Financial Services,Mid-Market,2-Year Fixed,Credit Card,72,1487.22,107832.96,53,44,6,2,10,0,45.8,1,5,1,1,1
AC-1645,Starlight Capital,Financial Services,Mid-Market,Month-to-Month,Auto-Invoice,18,911.21,16791.87,53,39,6,1,5,5,84.4,1,0,1,1,0
AC-1646,Velocity Capital,Financial Services,Enterprise,2-Year Fixed,ACH Direct Debit,45,3674.26,165968.2,451,210,2,0,6,1,45.0,1,5,1,1,0
AC-1647,Omni Corp,Healthcare,Enterprise,Month-to-Month,Credit Card,12,3635.47,42993.35,445,406,8,1,10,0,25.9,1,5,1,0,1
AC-1648,Crest Solutions,Enterprise Tech,Mid-Market,2-Year Fixed,Auto-Invoice,49,666.36,34212.31,71,58,6,1,8,3,90.3,1,0,0,1,0
AC-1649,Aegis Global,Healthcare,SMB,1-Year Fixed,ACH Direct Debit,31,614.64,19442.26,8,7,5,0,9,1,52.6,1,10,1,1,0
AC-1650,Nexus Corp,Healthcare,SMB,Month-to-Month,ACH Direct Debit,22,512.66,11652.28,20,20,1,2,9,2,99.6,1,15,0,0,0
AC-1651,Starlight Logistics,Logistics,Enterprise,Month-to-Month,Credit Card,44,4017.9,168659.73,316,272,3,0,7,1,78.2,1,10,1,0,0
AC-1652,Aegis Cloud,Logistics,Mid-Market,3-Year Enterprise,Auto-Invoice,64,1265.13,78830.11,40,35,2,1,8,0,82.2,1,5,0,1,0
AC-1653,Omni Corp,Financial Services,Enterprise,Month-to-Month,Credit Card,25,1625.79,40133.32,167,161,2,0,8,5,86.8,1,15,1,0,0
AC-1654,Aegis Logistics,Financial Services,Enterprise,Month-to-Month,ACH Direct Debit,51,3110.72,153611.3,489,198,3,0,5,0,70.0,1,10,1,1,0
AC-1655,Quantum Technologies,Financial Services,Mid-Market,Month-to-Month,Auto-Invoice,7,955.65,6403.84,39,25,3,0,8,20,70.2,1,5,0,1,0
AC-1656,Hyperion Capital,Enterprise Tech,Mid-Market,1-Year Fixed,Auto-Invoice,6,1029.24,6005.67,45,32,5,0,10,2,91.1,0,10,1,1,0
AC-1657,Synergy Logistics,Enterprise Tech,Enterprise,1-Year Fixed,ACH Direct Debit,24,4582.32,110345.59,104,55,3,0,6,7,70.0,1,10,1,0,0
AC-1658,Solstice Cloud,Financial Services,Enterprise,Month-to-Month,Auto-Invoice,19,2580.55,49990.2,202,179,4,0,8,10,54.9,1,0,1,1,0
AC-1659,Crest Logistics,Financial Services,Enterprise,Month-to-Month,ACH Direct Debit,9,1948.25,18014.73,288,240,1,1,8,2,78.5,1,5,1,0,1
AC-1660,Zenith Capital,Professional Services,SMB,Month-to-Month,Credit Card,36,346.52,11904.55,16,13,3,2,7,8,30.0,1,0,1,0,1
AC-1661,Solstice Solutions,Healthcare,SMB,Month-to-Month,Credit Card,40,458.42,18204.75,5,5,3,1,9,10,91.8,1,25,1,1,0
AC-1662,Acme Systems,Financial Services,Enterprise,1-Year Fixed,Auto-Invoice,24,4705.9,108674.8,444,214,1,1,6,1,92.1,0,0,1,0,0
AC-1663,Velocity Capital,Healthcare,Enterprise,2-Year Fixed,ACH Direct Debit,48,3039.1,144873.17,162,132,2,1,10,30,89.6,1,0,1,1,0
AC-1664,Crest Cloud,Enterprise Tech,SMB,Month-to-Month,Auto-Invoice,63,659.04,41245.39,8,5,4,0,9,0,88.9,1,5,1,1,0
AC-1665,Crest Data,Financial Services,SMB,1-Year Fixed,Credit Card,69,295.13,20360.33,13,7,7,0,5,1,66.5,1,15,0,0,0
AC-1666,Starlight Corp,E-Commerce,Mid-Market,1-Year Fixed,Credit Card,53,1013.84,55844.34,44,18,4,1,10,9,66.1,0,5,0,1,0
AC-1667,Omni Capital,Healthcare,Enterprise,3-Year Enterprise,ACH Direct Debit,54,2346.41,130571.89,251,233,4,0,8,1,45.9,0,15,1,1,0
AC-1668,Omni Capital,Financial Services,Enterprise,3-Year Enterprise,Manual Wire,42,3459.38,147280.43,266,191,2,1,6,7,99.5,0,10,1,1,0
AC-1669,Velocity Logistics,Professional Services,Mid-Market,2-Year Fixed,Credit Card,45,1262.81,59016.58,77,68,3,0,10,11,59.3,1,10,1,1,0
AC-1670,Apex Data,Manufacturing,Mid-Market,Month-to-Month,Auto-Invoice,14,1723.43,24558.63,50,34,3,0,8,19,74.1,0,15,1,1,0
AC-1671,Velocity Logistics,E-Commerce,Enterprise,Month-to-Month,Manual Wire,29,3682.56,110199.43,430,195,2,1,3,3,72.6,0,0,0,1,1
AC-1672,Acme Technologies,Healthcare,Mid-Market,Month-to-Month,Credit Card,6,1016.24,6136.33,79,42,2,3,6,21,43.9,0,20,1,1,1
AC-1673,Nexus Capital,E-Commerce,Enterprise,Month-to-Month,Auto-Invoice,7,1774.57,12453.32,156,88,3,0,8,3,36.6,0,15,0,1,1
AC-1674,Acme Technologies,Enterprise Tech,SMB,1-Year Fixed,Auto-Invoice,37,504.34,19078.76,20,20,4,0,3,1,68.1,0,20,0,1,0
AC-1675,Aegis Networks,Financial Services,Mid-Market,2-Year Fixed,ACH Direct Debit,53,1773.61,89486.35,68,21,5,2,7,4,59.8,0,15,1,1,0
AC-1676,Apex Labs,Enterprise Tech,Enterprise,2-Year Fixed,Auto-Invoice,18,4024.12,73813.14,237,235,5,2,8,6,66.4,1,15,1,0,1
AC-1677,Omni Logistics,Healthcare,Mid-Market,2-Year Fixed,Credit Card,38,1530.07,60669.06,36,36,4,0,5,3,87.2,1,0,0,0,0
AC-1678,Solstice Corp,Healthcare,Mid-Market,1-Year Fixed,Credit Card,59,782.91,47179.92,39,39,2,0,8,5,72.0,1,5,1,1,0
AC-1679,Hyperion Networks,Enterprise Tech,SMB,1-Year Fixed,Auto-Invoice,1,320.19,305.36,7,4,4,0,7,3,81.7,1,5,1,0,0
AC-1680,Acme Systems,Professional Services,Mid-Market,Month-to-Month,Credit Card,68,1681.01,112912.81,71,69,4,2,5,4,76.0,1,0,1,1,1
AC-1681,Velocity Technologies,Manufacturing,Enterprise,Month-to-Month,Auto-Invoice,44,3881.13,176056.43,194,112,2,0,9,18,62.3,1,10,1,1,0
AC-1682,Synergy Global,E-Commerce,Mid-Market,2-Year Fixed,Credit Card,47,618.52,30403.64,58,18,5,0,9,4,50.0,0,0,1,0,0
AC-1683,Quantum Labs,Healthcare,Enterprise,Month-to-Month,Credit Card,35,3068.87,106015.87,358,164,3,2,7,1,72.8,1,0,0,1,1
AC-1684,Velocity Health,Manufacturing,SMB,1-Year Fixed,Credit Card,60,712.73,44222.88,11,11,1,1,7,8,69.5,1,15,0,0,0
AC-1685,Omni Health,Enterprise Tech,Mid-Market,Month-to-Month,ACH Direct Debit,52,1589.62,85667.5,30,9,6,2,9,2,84.5,1,20,1,1,0
AC-1686,Titan Corp,Logistics,Mid-Market,1-Year Fixed,ACH Direct Debit,8,1489.87,11469.96,69,47,7,1,7,10,65.3,1,15,0,0,0
AC-1687,Acme Labs,Enterprise Tech,Enterprise,2-Year Fixed,ACH Direct Debit,41,3397.07,144096.01,448,158,5,1,3,0,62.6,0,15,1,1,1
AC-1688,Titan Health,Logistics,Mid-Market,Month-to-Month,Auto-Invoice,3,1672.57,4929.52,54,27,3,2,8,2,63.9,1,10,0,1,0
AC-1689,Nexus Corp,Financial Services,SMB,2-Year Fixed,Auto-Invoice,69,560.27,39019.07,16,6,3,1,5,0,51.5,1,15,1,1,0
AC-1690,Acme Logistics,Manufacturing,SMB,Month-to-Month,Credit Card,14,260.24,3657.56,5,5,1,1,6,0,94.0,0,5,0,0,0
AC-1691,Aegis Technologies,Professional Services,Enterprise,1-Year Fixed,Manual Wire,26,2322.28,61363.79,119,85,0,1,10,6,88.5,1,25,1,1,0
AC-1692,Vortex Networks,Enterprise Tech,Enterprise,2-Year Fixed,ACH Direct Debit,70,3872.07,277562.57,96,89,3,0,7,2,46.2,1,0,1,0,0
AC-1693,Vortex Cloud,Healthcare,SMB,1-Year Fixed,ACH Direct Debit,58,575.21,33164.95,19,15,4,0,7,12,82.5,0,15,1,0,1
AC-1694,Vortex Cloud,Professional Services,SMB,3-Year Enterprise,Auto-Invoice,40,454.36,18880.13,20,20,0,1,8,4,34.8,0,10,1,1,0
AC-1695,Apex Cloud,Healthcare,Enterprise,Month-to-Month,Credit Card,51,1665.07,87546.79,481,316,0,0,8,2,85.7,1,10,1,0,0
AC-1696,Aegis Data,Manufacturing,Mid-Market,1-Year Fixed,Credit Card,5,1248.37,6420.01,57,43,1,0,5,7,55.5,1,10,1,1,0
AC-1697,Aegis Global,Healthcare,Mid-Market,1-Year Fixed,Auto-Invoice,32,820.66,26151.47,65,46,3,0,7,6,74.5,0,15,1,1,0
AC-1698,Hyperion Capital,Financial Services,SMB,3-Year Enterprise,Auto-Invoice,1,775.83,739.95,14,9,3,0,7,9,33.3,1,15,1,1,0
AC-1699,Acme Networks,Financial Services,Enterprise,Month-to-Month,Manual Wire,54,1890.54,102010.11,252,225,6,1,8,6,46.4,1,0,1,1,0
AC-1700,Starlight Technologies,Enterprise Tech,Enterprise,2-Year Fixed,Auto-Invoice,11,4788.29,54769.85,179,134,3,1,8,1,76.4,1,0,0,0,0
AC-1701,Omni Capital,Logistics,SMB,1-Year Fixed,Auto-Invoice,53,343.89,17661.98,9,8,5,0,10,6,55.4,1,0,0,1,0
AC-1702,Apex Systems,Financial Services,Enterprise,Month-to-Month,Auto-Invoice,8,2848.85,23890.67,341,290,3,1,5,3,52.9,1,0,1,1,0
AC-1703,Zenith Cloud,Healthcare,Mid-Market,1-Year Fixed,Manual Wire,25,1606.62,41401.35,16,7,5,0,9,3,93.1,1,0,1,1,0
AC-1704,Hyperion Logistics,Healthcare,Mid-Market,Month-to-Month,Credit Card,40,1721.1,70288.55,16,12,4,0,10,15,100.0,0,10,0,1,0
AC-1705,Crest Solutions,Healthcare,Mid-Market,1-Year Fixed,Credit Card,32,1290.88,42039.98,24,11,8,0,8,2,84.9,0,5,1,1,0
AC-1706,Omni Systems,Manufacturing,Mid-Market,2-Year Fixed,Manual Wire,28,761.6,21510.38,37,26,1,1,6,5,48.3,1,15,0,1,0
AC-1707,Synergy Systems,Professional Services,Mid-Market,1-Year Fixed,Auto-Invoice,3,1213.1,3719.61,29,22,4,1,10,2,99.7,0,5,1,1,0
AC-1708,Starlight Health,Financial Services,Enterprise,1-Year Fixed,Credit Card,62,3555.81,218738.55,251,251,2,0,3,0,39.9,1,10,1,1,0
AC-1709,Apex Corp,Logistics,Mid-Market,1-Year Fixed,Auto-Invoice,27,1435.3,40091.2,28,9,3,0,6,3,62.5,1,0,0,1,0
AC-1710,Hyperion Technologies,Logistics,SMB,Month-to-Month,Auto-Invoice,45,495.15,22719.24,12,4,3,1,10,5,69.0,0,15,1,1,1
AC-1711,Crest Capital,Healthcare,SMB,Month-to-Month,ACH Direct Debit,25,681.45,17498.36,14,5,5,0,6,3,100.0,1,15,1,0,1
AC-1712,Apex Networks,Professional Services,Enterprise,1-Year Fixed,ACH Direct Debit,61,3240.96,203480.99,159,92,5,1,10,3,84.4,1,5,1,1,0
AC-1713,Apex Networks,Enterprise Tech,Enterprise,Month-to-Month,Auto-Invoice,44,3928.48,165801.92,95,83,2,1,4,10,59.7,1,5,1,0,1
AC-1714,Nexus Cloud,Enterprise Tech,Enterprise,Month-to-Month,Auto-Invoice,46,4267.05,187562.23,261,233,6,1,5,0,51.0,0,0,1,1,1
AC-1715,Quantum Global,Manufacturing,Mid-Market,1-Year Fixed,Credit Card,14,626.42,9033.84,48,39,2,1,6,2,86.0,0,15,1,1,0
AC-1716,Solstice Systems,Financial Services,Mid-Market,Month-to-Month,Auto-Invoice,8,778.25,6076.19,47,44,2,0,8,10,58.4,1,10,1,1,0
AC-1717,Zenith Capital,Logistics,Mid-Market,Month-to-Month,Auto-Invoice,48,1694.85,82019.65,57,30,4,0,7,15,71.9,1,10,1,1,0
AC-1718,Nexus Solutions,Manufacturing,Enterprise,1-Year Fixed,Auto-Invoice,14,2608.7,36316.22,434,157,5,2,6,3,43.3,1,0,1,1,1
AC-1719,Apex Global,Enterprise Tech,Enterprise,Month-to-Month,Auto-Invoice,65,2009.83,124394.92,206,70,2,1,10,13,78.2,1,0,0,0,0
AC-1720,Velocity Solutions,Manufacturing,Mid-Market,3-Year Enterprise,ACH Direct Debit,7,652.05,4354.52,75,67,1,0,10,1,76.8,1,0,1,0,0
AC-1721,Vortex Technologies,Financial Services,Mid-Market,2-Year Fixed,Auto-Invoice,49,1105.21,55926.85,34,28,4,0,6,1,45.7,1,0,0,1,0
AC-1722,Crest Systems,Healthcare,Enterprise,2-Year Fixed,Auto-Invoice,55,3346.6,186044.95,71,56,8,1,4,11,86.6,1,0,0,1,0
AC-1723,Vortex Technologies,E-Commerce,Mid-Market,Month-to-Month,Credit Card,13,869.32,11328.11,60,32,8,0,3,14,78.0,0,0,1,0,1
AC-1724,Nexus Corp,Manufacturing,Enterprise,2-Year Fixed,ACH Direct Debit,56,4728.47,276560.51,240,136,4,0,8,1,81.3,1,10,0,1,0
AC-1725,Apex Capital,Enterprise Tech,SMB,2-Year Fixed,Auto-Invoice,56,711.87,38561.6,21,20,1,0,9,0,61.2,0,5,0,0,0
AC-1726,Zenith Networks,Healthcare,SMB,2-Year Fixed,Auto-Invoice,15,439.98,6439.97,24,8,2,1,7,0,71.2,1,5,1,1,0
AC-1727,Synergy Global,E-Commerce,Enterprise,Month-to-Month,Auto-Invoice,57,2605.81,152344.55,235,198,5,1,7,1,69.1,0,10,0,0,0
AC-1728,Titan Logistics,E-Commerce,Enterprise,1-Year Fixed,ACH Direct Debit,58,1613.86,96180.19,375,194,3,0,6,8,65.3,1,10,1,1,0
AC-1729,Nexus Solutions,E-Commerce,Mid-Market,2-Year Fixed,Credit Card,35,794.68,27549.28,36,12,4,0,9,4,71.1,1,10,1,0,0
AC-1730,Crest Systems,Enterprise Tech,Enterprise,1-Year Fixed,ACH Direct Debit,16,4035.88,67486.23,446,366,0,1,10,3,90.6,1,0,1,0,0
AC-1731,Synergy Networks,Financial Services,Mid-Market,1-Year Fixed,Manual Wire,8,1408.87,11764.91,78,41,3,1,3,5,87.3,1,15,1,1,0
AC-1732,Crest Solutions,Financial Services,SMB,1-Year Fixed,ACH Direct Debit,45,534.09,22862.17,15,12,3,1,7,13,46.7,1,20,1,1,0
AC-1733,Synergy Capital,Logistics,Mid-Market,1-Year Fixed,Credit Card,40,1207.91,46733.21,28,22,7,2,5,0,85.7,0,5,1,1,0
AC-1734,Apex Health,Financial Services,SMB,Month-to-Month,Credit Card,54,779.31,43430.31,11,7,6,0,4,7,89.4,1,0,0,1,0
AC-1735,Synergy Global,Enterprise Tech,Mid-Market,1-Year Fixed,Auto-Invoice,14,981.75,13518.01,17,14,3,1,5,16,65.3,1,15,1,1,1
AC-1736,Quantum Networks,Professional Services,Enterprise,Month-to-Month,Manual Wire,59,3137.8,177640.99,445,314,6,1,8,1,77.2,1,20,1,1,0
AC-1737,Aegis Capital,Enterprise Tech,Mid-Market,1-Year Fixed,Auto-Invoice,53,1836.17,100090.54,79,40,5,1,8,11,76.9,1,0,1,1,0
AC-1738,Hyperion Health,Professional Services,Mid-Market,Month-to-Month,Auto-Invoice,27,1591.22,42767.82,68,55,6,0,10,7,52.7,0,0,1,1,0
AC-1739,Velocity Labs,E-Commerce,Mid-Market,1-Year Fixed,Credit Card,47,1815.85,85280.18,33,24,4,1,7,0,61.1,0,15,1,0,0
AC-1740,Nexus Global,Logistics,Enterprise,Month-to-Month,Auto-Invoice,6,3396.1,19737.53,373,115,2,0,4,1,81.5,0,5,1,0,1
AC-1741,Apex Data,Financial Services,Enterprise,1-Year Fixed,Credit Card,55,4213.51,235471.68,334,311,6,0,7,5,59.1,1,20,1,1,0
AC-1742,Velocity Capital,Enterprise Tech,SMB,2-Year Fixed,Credit Card,44,719.96,31840.56,15,10,2,1,4,4,85.6,1,0,0,1,0
AC-1743,Vortex Global,E-Commerce,Enterprise,Month-to-Month,Credit Card,18,4682.48,81812.34,440,400,0,2,5,4,91.5,0,15,0,0,1
AC-1744,Quantum Capital,Logistics,SMB,Month-to-Month,ACH Direct Debit,16,777.64,12243.58,11,10,1,1,8,1,88.6,0,0,0,0,1
AC-1745,Solstice Cloud,E-Commerce,SMB,Month-to-Month,Auto-Invoice,12,243.13,2945.83,8,5,3,1,8,6,100.0,0,0,1,0,0
AC-1746,Starlight Corp,Enterprise Tech,SMB,2-Year Fixed,Credit Card,20,361.0,7526.76,18,12,5,2,8,1,66.4,0,25,1,1,0
AC-1747,Omni Technologies,Logistics,Mid-Market,1-Year Fixed,Credit Card,45,1437.4,67402.12,25,15,1,0,6,3,71.2,1,0,1,0,0
AC-1748,Omni Networks,Logistics,Mid-Market,1-Year Fixed,Credit Card,64,1210.75,75844.53,48,30,3,0,9,2,73.8,1,0,1,1,0
AC-1749,Vortex Networks,E-Commerce,SMB,Month-to-Month,ACH Direct Debit,59,284.5,17181.0,23,21,5,0,6,6,66.9,0,15,1,1,0
AC-1750,Titan Networks,Logistics,Enterprise,1-Year Fixed,Auto-Invoice,22,2211.05,49983.31,490,417,2,0,10,0,77.8,0,0,0,1,0
AC-1751,Apex Networks,Logistics,Mid-Market,2-Year Fixed,Credit Card,47,1459.45,70712.5,33,13,6,0,8,1,37.2,1,0,1,0,0
AC-1752,Omni Global,E-Commerce,Mid-Market,2-Year Fixed,Auto-Invoice,29,1036.31,30265.65,47,34,4,2,7,1,71.7,0,5,1,1,0
AC-1753,Zenith Global,Enterprise Tech,Mid-Market,1-Year Fixed,Manual Wire,45,1986.83,85030.93,36,36,3,0,8,0,43.2,1,10,1,1,0
AC-1754,Starlight Data,Healthcare,Mid-Market,Month-to-Month,Auto-Invoice,9,1223.16,11296.5,50,36,2,2,7,1,50.7,1,10,0,0,1
AC-1755,Vortex Solutions,Enterprise Tech,Mid-Market,Month-to-Month,ACH Direct Debit,24,1487.78,34302.01,37,31,4,0,10,5,81.2,1,15,1,1,0
AC-1756,Apex Labs,Financial Services,Mid-Market,Month-to-Month,Auto-Invoice,15,777.41,11214.38,77,65,3,2,8,8,64.4,0,5,1,1,1
AC-1757,Starlight Cloud,Financial Services,SMB,Month-to-Month,Auto-Invoice,36,723.13,26307.65,24,13,4,1,7,6,80.6,0,5,0,1,0
AC-1758,Titan Solutions,Enterprise Tech,Enterprise,Month-to-Month,Credit Card,13,2226.8,30348.11,396,222,4,0,7,3,64.0,1,5,1,0,1
AC-1759,Nexus Networks,Financial Services,SMB,Month-to-Month,ACH Direct Debit,44,400.04,17148.58,20,16,6,1,9,0,87.9,0,15,1,0,0
AC-1760,Synergy Data,Enterprise Tech,Mid-Market,1-Year Fixed,Credit Card,71,1836.39,132284.83,68,44,7,1,9,19,63.7,1,10,1,1,0
AC-1761,Starlight Labs,Logistics,SMB,3-Year Enterprise,Manual Wire,72,317.96,22443.62,24,17,2,0,7,1,32.8,1,20,1,1,0
AC-1762,Omni Technologies,Professional Services,Mid-Market,1-Year Fixed,Credit Card,36,1194.4,44712.86,76,61,5,1,5,6,72.1,1,20,1,1,0
AC-1763,Solstice Health,Enterprise Tech,SMB,2-Year Fixed,Credit Card,61,287.98,17731.06,10,8,1,1,5,15,29.0,1,5,0,0,0
AC-1764,Vortex Labs,Professional Services,Enterprise,2-Year Fixed,Auto-Invoice,40,4568.81,177406.48,86,42,2,0,7,7,41.9,0,5,1,0,1
AC-1765,Crest Global,Healthcare,SMB,Month-to-Month,ACH Direct Debit,27,370.08,9754.48,12,5,5,3,10,1,52.1,1,10,1,1,1
AC-1766,Starlight Logistics,Financial Services,Enterprise,2-Year Fixed,Auto-Invoice,1,4679.5,4647.9,62,31,6,0,7,2,49.9,0,0,1,1,0
AC-1767,Hyperion Data,Enterprise Tech,SMB,Month-to-Month,ACH Direct Debit,34,674.49,22065.91,9,6,4,0,6,0,58.2,0,0,1,1,0
AC-1768,Quantum Systems,Healthcare,SMB,1-Year Fixed,Manual Wire,68,549.19,35771.7,15,8,4,2,4,5,49.2,1,15,0,1,0
AC-1769,Titan Capital,Logistics,Enterprise,Month-to-Month,Manual Wire,21,3413.41,72972.32,498,348,5,0,10,5,42.7,0,5,1,0,1
AC-1770,Aegis Networks,E-Commerce,Enterprise,3-Year Enterprise,Credit Card,33,2721.29,88968.89,381,129,2,0,8,7,95.8,0,10,0,1,0
AC-1771,Apex Solutions,Enterprise Tech,SMB,Month-to-Month,Credit Card,7,544.54,3898.01,7,5,4,1,9,0,55.8,0,10,1,0,0
AC-1772,Nexus Systems,Enterprise Tech,Enterprise,Month-to-Month,ACH Direct Debit,65,1921.16,120005.99,132,74,4,1,9,10,27.8,1,15,1,1,0
AC-1773,Solstice Health,Financial Services,SMB,3-Year Enterprise,Auto-Invoice,3,441.36,1338.63,12,8,8,0,7,8,61.5,1,0,1,1,0
AC-1774,Quantum Solutions,Financial Services,Enterprise,Month-to-Month,Credit Card,51,3056.08,154976.46,461,275,2,0,7,0,47.8,1,10,0,1,0
AC-1775,Zenith Health,Enterprise Tech,Enterprise,1-Year Fixed,Auto-Invoice,54,1994.47,102940.96,383,191,1,1,10,2,52.1,1,5,1,1,0
AC-1776,Synergy Health,Financial Services,SMB,2-Year Fixed,Credit Card,59,703.31,41681.2,18,17,7,2,8,6,80.8,1,15,1,0,0
AC-1777,Hyperion Technologies,Logistics,Mid-Market,2-Year Fixed,Auto-Invoice,6,1412.73,8122.75,64,27,2,0,8,4,59.9,1,5,1,0,0
AC-1778,Aegis Corp,Manufacturing,SMB,3-Year Enterprise,Auto-Invoice,29,519.3,15553.24,8,6,1,1,9,0,47.3,0,20,1,1,0
AC-1779,Titan Logistics,Financial Services,Mid-Market,3-Year Enterprise,Auto-Invoice,17,1007.21,17348.52,27,26,3,0,9,0,76.0,1,5,1,1,0
AC-1780,Zenith Solutions,Manufacturing,Mid-Market,Month-to-Month,Credit Card,60,973.1,58718.61,61,41,5,2,7,9,88.7,1,20,1,1,0
AC-1781,Synergy Labs,Financial Services,Mid-Market,2-Year Fixed,Credit Card,22,1667.55,35341.44,64,58,3,0,7,1,77.7,0,15,1,1,0
AC-1782,Aegis Technologies,Healthcare,Mid-Market,1-Year Fixed,Auto-Invoice,24,959.54,22539.5,26,10,4,1,9,1,23.8,0,10,1,1,1
AC-1783,Vortex Labs,Enterprise Tech,Mid-Market,1-Year Fixed,Credit Card,51,1224.77,62418.77,27,17,5,0,9,10,47.9,1,5,1,0,0
AC-1784,Titan Corp,E-Commerce,Mid-Market,Month-to-Month,Auto-Invoice,50,1572.7,79683.07,23,14,4,0,10,5,68.9,1,5,1,0,0
AC-1785,Acme Technologies,Professional Services,Mid-Market,1-Year Fixed,Credit Card,11,711.46,7578.15,73,22,2,0,8,5,63.6,1,15,1,0,0
AC-1786,Vortex Systems,E-Commerce,Enterprise,3-Year Enterprise,Credit Card,56,3410.49,181607.4,359,219,4,2,8,4,62.1,1,10,1,1,0
AC-1787,Omni Health,Financial Services,SMB,3-Year Enterprise,Credit Card,71,207.11,14476.53,23,13,4,1,6,5,50.3,1,5,1,1,0
AC-1788,Hyperion Logistics,E-Commerce,Enterprise,1-Year Fixed,ACH Direct Debit,42,3766.72,157931.26,469,361,4,0,6,5,42.7,1,10,1,0,0
AC-1789,Crest Networks,Enterprise Tech,Mid-Market,Month-to-Month,Auto-Invoice,39,1117.9,42222.29,59,56,2,1,9,21,100.0,1,10,1,1,0
AC-1790,Omni Logistics,Manufacturing,Enterprise,1-Year Fixed,ACH Direct Debit,69,2527.42,174255.35,262,94,5,1,6,1,68.5,1,0,1,0,0
AC-1791,Hyperion Labs,Healthcare,Mid-Market,2-Year Fixed,Credit Card,48,1061.96,50150.78,48,25,7,1,7,1,79.6,0,0,1,0,0
AC-1792,Aegis Health,Financial Services,Mid-Market,2-Year Fixed,Credit Card,57,1731.44,98248.85,30,18,6,0,10,0,68.1,0,0,1,1,0
AC-1793,Velocity Technologies,Healthcare,Enterprise,1-Year Fixed,Credit Card,21,4463.88,92311.53,149,92,1,0,10,6,68.8,1,0,1,1,0
AC-1794,Aegis Capital,E-Commerce,Enterprise,Month-to-Month,Auto-Invoice,20,4643.8,94069.16,194,163,4,0,8,4,66.9,0,5,1,1,0
AC-1795,Vortex Data,Enterprise Tech,Enterprise,1-Year Fixed,Credit Card,15,2774.25,39711.57,59,36,3,0,7,0,47.8,0,15,1,1,0
AC-1796,Zenith Health,E-Commerce,Mid-Market,1-Year Fixed,Credit Card,69,1841.67,122893.25,52,17,3,0,7,2,40.7,1,5,1,0,0
AC-1797,Omni Networks,Enterprise Tech,SMB,3-Year Enterprise,Auto-Invoice,51,573.03,29028.0,21,17,4,5,9,1,75.0,0,0,0,1,0
AC-1798,Titan Systems,E-Commerce,Enterprise,1-Year Fixed,Auto-Invoice,62,1773.03,108348.16,435,400,6,0,7,2,71.4,1,5,1,1,0
AC-1799,Titan Labs,Logistics,Mid-Market,Month-to-Month,Auto-Invoice,37,1861.02,68111.54,53,35,1,2,6,18,84.9,0,25,1,1,1
AC-1800,Crest Logistics,Logistics,Mid-Market,1-Year Fixed,Manual Wire,6,738.42,4565.1,55,39,4,1,10,7,81.2,1,5,1,0,0
AC-1801,Solstice Solutions,Healthcare,Mid-Market,Month-to-Month,Credit Card,71,763.95,56335.93,62,26,2,0,8,0,53.4,1,20,1,0,0
AC-1802,Crest Technologies,Healthcare,SMB,3-Year Enterprise,Auto-Invoice,26,678.25,17191.29,7,3,4,0,6,1,88.4,1,0,0,0,0
AC-1803,Aegis Systems,Enterprise Tech,Mid-Market,1-Year Fixed,Auto-Invoice,8,1943.68,16072.51,64,30,6,0,8,0,81.8,1,0,1,0,0
AC-1804,Nexus Labs,Logistics,Mid-Market,1-Year Fixed,Credit Card,4,1486.3,5920.7,15,9,5,0,9,7,80.4,1,10,1,1,0
AC-1805,Starlight Global,Financial Services,Enterprise,1-Year Fixed,ACH Direct Debit,21,1801.47,36975.21,385,366,2,1,5,3,100.0,1,5,1,0,0
AC-1806,Titan Labs,Healthcare,Enterprise,1-Year Fixed,Auto-Invoice,31,2910.45,94603.93,284,189,4,0,7,31,100.0,1,15,1,1,0
AC-1807,Aegis Capital,Financial Services,Enterprise,1-Year Fixed,Auto-Invoice,21,1944.83,42167.97,394,171,7,0,7,8,80.4,0,15,1,1,1
AC-1808,Aegis Corp,Enterprise Tech,Enterprise,2-Year Fixed,ACH Direct Debit,25,4515.11,118456.77,50,24,1,2,8,4,78.2,0,0,1,1,1
AC-1809,Apex Cloud,E-Commerce,Mid-Market,Month-to-Month,Auto-Invoice,15,1150.52,16685.17,24,14,3,0,9,10,87.5,0,10,1,0,0
AC-1810,Synergy Capital,Enterprise Tech,Mid-Market,Month-to-Month,Auto-Invoice,35,1756.91,59301.77,42,31,4,0,6,7,57.5,0,10,0,1,0
AC-1811,Nexus Technologies,E-Commerce,Mid-Market,Month-to-Month,Manual Wire,49,974.21,47752.42,48,29,2,1,4,1,57.7,0,15,1,0,1
AC-1812,Vortex Networks,Financial Services,Enterprise,1-Year Fixed,Credit Card,43,3249.87,141681.88,299,172,4,0,9,4,80.1,0,5,1,0,0
AC-1813,Velocity Capital,Enterprise Tech,Enterprise,Month-to-Month,Auto-Invoice,41,2666.85,105744.19,271,188,4,0,5,4,52.6,1,0,1,0,1
AC-1814,Hyperion Technologies,Healthcare,Mid-Market,1-Year Fixed,Auto-Invoice,37,1203.07,46118.0,66,31,1,0,8,3,78.7,1,10,1,1,0
AC-1815,Omni Capital,Enterprise Tech,SMB,2-Year Fixed,Auto-Invoice,57,272.34,15573.08,20,7,2,1,7,1,70.8,0,20,1,0,0
AC-1816,Apex Logistics,Financial Services,Enterprise,2-Year Fixed,Auto-Invoice,42,2550.95,106185.73,324,103,2,0,8,1,52.6,1,0,1,1,0
AC-1817,Starlight Corp,E-Commerce,SMB,1-Year Fixed,ACH Direct Debit,47,635.54,30175.22,9,4,3,2,10,2,68.5,1,0,1,0,0
AC-1818,Nexus Global,Enterprise Tech,Mid-Market,1-Year Fixed,Credit Card,61,1257.73,77756.92,40,15,4,2,10,0,91.5,1,5,1,1,0
AC-1819,Starlight Cloud,Logistics,Mid-Market,Month-to-Month,ACH Direct Debit,14,1385.34,18508.0,32,17,1,1,4,15,69.5,1,15,0,1,0
AC-1820,Apex Cloud,Enterprise Tech,Mid-Market,1-Year Fixed,Manual Wire,68,799.64,57093.71,60,50,7,0,9,7,69.6,0,5,1,1,0
AC-1821,Zenith Cloud,Enterprise Tech,Enterprise,2-Year Fixed,Credit Card,53,4096.0,214133.86,361,289,3,0,7,7,73.9,1,0,1,0,0
AC-1822,Vortex Health,E-Commerce,Enterprise,Month-to-Month,Auto-Invoice,34,4040.78,131362.71,489,356,4,2,9,5,76.3,1,10,1,1,0
AC-1823,Titan Solutions,Financial Services,Mid-Market,1-Year Fixed,Credit Card,24,1149.43,28558.25,49,44,3,0,9,7,62.0,1,0,1,1,0
AC-1824,Omni Health,Enterprise Tech,Mid-Market,2-Year Fixed,Manual Wire,20,991.05,20798.21,74,37,1,1,10,24,74.3,1,0,1,0,1
AC-1825,Acme Capital,Financial Services,SMB,2-Year Fixed,ACH Direct Debit,69,281.82,20060.76,8,7,4,1,8,2,49.1,1,5,1,1,0
AC-1826,Apex Systems,Financial Services,Mid-Market,Month-to-Month,Auto-Invoice,30,1556.67,48343.39,66,38,6,1,5,7,53.6,1,5,0,1,0
AC-1827,Acme Cloud,Logistics,Enterprise,1-Year Fixed,Credit Card,7,3479.07,24660.19,472,274,4,1,9,2,55.9,1,5,1,1,0
AC-1828,Quantum Logistics,Financial Services,Mid-Market,Month-to-Month,Credit Card,36,1503.04,56394.62,75,44,3,0,7,11,76.5,0,0,1,1,0
AC-1829,Acme Networks,Logistics,Enterprise,Month-to-Month,Manual Wire,38,2502.32,90673.58,488,180,2,0,7,12,70.9,1,5,0,0,1
AC-1830,Nexus Global,Manufacturing,Mid-Market,3-Year Enterprise,Auto-Invoice,52,1162.28,62050.6,72,71,4,3,6,14,65.6,1,15,1,0,0
AC-1831,Vortex Labs,Financial Services,Mid-Market,2-Year Fixed,Credit Card,15,1761.94,26880.27,78,31,4,1,9,0,80.4,1,5,1,1,0
AC-1832,Crest Data,Manufacturing,SMB,2-Year Fixed,ACH Direct Debit,46,720.89,31667.32,12,6,6,2,10,2,74.8,1,10,1,0,0
AC-1833,Nexus Technologies,Financial Services,SMB,Month-to-Month,Credit Card,23,277.45,6409.41,5,3,2,1,5,0,62.8,0,0,1,1,1
AC-1834,Vortex Data,Professional Services,Mid-Market,2-Year Fixed,Credit Card,12,1356.41,16301.43,24,8,3,1,9,3,49.4,0,0,1,1,0
AC-1835,Nexus Labs,Enterprise Tech,Mid-Market,1-Year Fixed,Auto-Invoice,44,912.16,40903.76,53,22,3,2,6,4,53.2,1,15,0,1,0
AC-1836,Crest Cloud,E-Commerce,SMB,Month-to-Month,Auto-Invoice,15,296.51,4259.75,6,2,6,1,4,1,41.6,0,5,1,1,1
AC-1837,Aegis Systems,Healthcare,Enterprise,1-Year Fixed,Auto-Invoice,49,2786.26,140694.61,468,236,4,0,8,7,70.5,0,5,1,1,0
AC-1838,Zenith Systems,Financial Services,Enterprise,Month-to-Month,Manual Wire,21,2795.94,56597.51,396,359,1,1,5,1,52.5,1,15,1,0,0
AC-1839,Titan Health,E-Commerce,Enterprise,2-Year Fixed,Auto-Invoice,15,3532.93,52562.92,54,29,2,1,4,11,59.1,0,10,1,0,0
AC-1840,Synergy Systems,E-Commerce,Enterprise,1-Year Fixed,Credit Card,14,1909.98,27759.27,251,97,6,0,6,1,65.7,0,15,1,1,0
AC-1841,Velocity Data,Enterprise Tech,Mid-Market,Month-to-Month,Credit Card,42,1184.94,50068.73,60,45,3,0,5,2,86.8,1,10,1,1,0
AC-1842,Solstice Capital,Enterprise Tech,Mid-Market,Month-to-Month,Auto-Invoice,15,968.27,14349.17,74,74,2,1,6,5,84.7,0,0,1,1,0
AC-1843,Nexus Capital,E-Commerce,Mid-Market,Month-to-Month,Credit Card,63,699.4,42071.48,23,11,1,0,4,5,67.0,0,20,1,1,0
AC-1844,Velocity Labs,E-Commerce,Enterprise,Month-to-Month,ACH Direct Debit,68,4645.45,321332.56,235,116,3,0,6,0,90.8,0,20,0,1,0
AC-1845,Apex Networks,Professional Services,Mid-Market,1-Year Fixed,ACH Direct Debit,27,1844.86,52234.77,74,73,3,0,6,11,31.8,1,0,1,1,1
AC-1846,Omni Technologies,Logistics,Mid-Market,2-Year Fixed,Credit Card,53,1545.84,85303.35,42,18,4,0,8,5,100.0,1,15,1,0,0
AC-1847,Hyperion Capital,Professional Services,Mid-Market,Month-to-Month,Credit Card,52,949.55,50449.53,17,11,4,1,8,12,80.5,0,5,1,1,0
AC-1848,Acme Solutions,E-Commerce,Mid-Market,Month-to-Month,Auto-Invoice,63,1403.02,84901.43,65,30,1,0,8,12,69.9,0,10,1,1,0
AC-1849,Acme Data,Financial Services,Mid-Market,1-Year Fixed,Manual Wire,53,1920.53,99135.9,22,21,2,2,7,4,52.0,1,0,1,1,0
AC-1850,Velocity Cloud,Enterprise Tech,Enterprise,2-Year Fixed,Auto-Invoice,57,1762.82,97334.18,470,464,3,1,7,14,60.1,0,5,0,0,0
AC-1851,Titan Health,Logistics,Enterprise,Month-to-Month,ACH Direct Debit,52,3425.34,175543.2,161,140,1,2,5,11,79.0,1,0,1,1,1
AC-1852,Zenith Logistics,E-Commerce,SMB,Month-to-Month,Auto-Invoice,43,699.4,29278.79,11,6,3,0,5,19,79.4,1,5,1,1,0
AC-1853,Velocity Logistics,Enterprise Tech,SMB,1-Year Fixed,Manual Wire,7,266.96,1820.96,22,13,4,1,9,11,80.0,0,0,1,0,0
AC-1854,Synergy Systems,Financial Services,Mid-Market,Month-to-Month,ACH Direct Debit,42,791.27,33621.27,23,11,6,1,4,10,54.9,1,5,1,1,0
AC-1855,Synergy Logistics,Professional Services,Enterprise,Month-to-Month,ACH Direct Debit,4,4255.58,16713.71,427,394,3,0,7,3,51.3,0,10,0,1,0
AC-1856,Omni Technologies,Healthcare,Mid-Market,2-Year Fixed,Auto-Invoice,69,1951.2,137017.99,31,29,5,1,7,1,71.5,0,15,1,1,0
AC-1857,Titan Networks,Financial Services,Mid-Market,1-Year Fixed,Credit Card,5,1285.59,6715.85,68,40,5,0,8,14,81.9,0,0,1,1,1
AC-1858,Solstice Labs,Healthcare,SMB,1-Year Fixed,Credit Card,41,793.9,33000.64,12,9,2,1,4,7,68.1,1,15,1,0,0
AC-1859,Synergy Health,Enterprise Tech,Enterprise,2-Year Fixed,ACH Direct Debit,4,2325.81,9537.36,407,169,6,0,7,2,94.7,0,5,0,1,0
AC-1860,Nexus Capital,Financial Services,Enterprise,1-Year Fixed,Auto-Invoice,2,3766.9,7723.34,105,63,2,1,8,2,68.6,1,15,0,0,1
AC-1861,Vortex Cloud,Financial Services,Mid-Market,Month-to-Month,Manual Wire,67,1996.57,131505.5,63,47,4,1,3,7,68.0,0,5,1,1,0
AC-1862,Synergy Solutions,Enterprise Tech,Mid-Market,1-Year Fixed,ACH Direct Debit,21,1053.47,21049.82,68,39,2,0,5,3,80.1,1,15,1,0,0
AC-1863,Velocity Corp,Logistics,Enterprise,Month-to-Month,Auto-Invoice,70,4517.67,302165.87,234,129,7,1,7,0,89.9,0,10,0,0,0
AC-1864,Synergy Global,Financial Services,Enterprise,Month-to-Month,ACH Direct Debit,43,3978.79,167359.28,103,31,3,0,8,0,43.7,0,5,1,0,1
AC-1865,Vortex Cloud,Logistics,Mid-Market,1-Year Fixed,Credit Card,69,1097.37,77153.72,22,19,1,1,8,8,47.9,1,5,1,0,0
AC-1866,Titan Networks,Manufacturing,SMB,2-Year Fixed,Credit Card,9,726.1,6800.66,11,10,2,1,8,2,62.4,1,20,1,1,0
AC-1867,Apex Capital,Enterprise Tech,SMB,3-Year Enterprise,Auto-Invoice,28,691.71,20256.47,13,13,4,0,5,4,100.0,1,15,1,1,0
AC-1868,Nexus Data,E-Commerce,Mid-Market,1-Year Fixed,Credit Card,26,1283.82,31796.64,22,18,5,1,4,8,63.3,0,5,1,1,1
AC-1869,Crest Solutions,Healthcare,Mid-Market,Month-to-Month,ACH Direct Debit,3,1303.9,4103.41,42,29,5,0,7,8,65.8,1,0,1,0,0
AC-1870,Nexus Labs,Manufacturing,Enterprise,Month-to-Month,Credit Card,49,4017.8,193377.66,269,131,5,1,5,1,79.1,1,15,1,1,1
AC-1871,Aegis Capital,Enterprise Tech,Mid-Market,2-Year Fixed,Credit Card,17,604.95,10636.85,66,66,6,0,5,0,85.6,0,25,1,1,1
AC-1872,Titan Networks,E-Commerce,Mid-Market,1-Year Fixed,Credit Card,63,1903.58,116091.47,29,21,3,0,9,5,71.1,1,0,1,1,0
AC-1873,Synergy Data,E-Commerce,Mid-Market,1-Year Fixed,ACH Direct Debit,55,1106.03,58172.69,18,14,6,0,8,8,89.0,1,20,1,1,0
AC-1874,Synergy Capital,Financial Services,Mid-Market,2-Year Fixed,Auto-Invoice,23,1155.7,26257.76,76,59,4,0,6,0,46.5,1,0,1,0,0
AC-1875,Apex Corp,Enterprise Tech,Enterprise,2-Year Fixed,ACH Direct Debit,34,3561.17,125425.64,347,309,6,1,6,2,54.2,1,20,0,0,0
AC-1876,Zenith Technologies,E-Commerce,Enterprise,2-Year Fixed,Credit Card,69,2875.55,192873.75,50,15,2,0,9,12,88.9,1,10,1,1,0
AC-1877,Acme Solutions,E-Commerce,Mid-Market,Month-to-Month,Auto-Invoice,15,1725.52,24987.14,69,31,6,1,8,17,68.2,0,5,1,1,1
AC-1878,Apex Logistics,Financial Services,Enterprise,2-Year Fixed,Auto-Invoice,47,2916.76,142705.63,497,381,6,0,5,3,45.3,1,5,1,1,0
AC-1879,Crest Solutions,E-Commerce,Enterprise,2-Year Fixed,Credit Card,3,4687.99,14680.45,333,309,5,0,3,0,44.2,0,10,1,0,0
AC-1880,Synergy Global,Financial Services,SMB,Month-to-Month,ACH Direct Debit,28,538.17,14334.23,17,13,0,0,10,1,53.4,1,10,1,1,0
AC-1881,Titan Solutions,E-Commerce,Mid-Market,1-Year Fixed,Auto-Invoice,3,1592.21,4885.27,16,9,2,1,5,1,68.0,0,20,1,1,1
AC-1882,Solstice Cloud,Enterprise Tech,Mid-Market,Month-to-Month,ACH Direct Debit,4,1310.13,5140.53,62,34,4,1,8,1,76.4,0,15,1,1,0
AC-1883,Synergy Solutions,Manufacturing,SMB,3-Year Enterprise,Auto-Invoice,31,535.98,16407.2,13,11,5,2,10,4,62.1,1,5,1,1,1
AC-1884,Nexus Cloud,Financial Services,SMB,Month-to-Month,Credit Card,45,578.83,25966.87,20,16,4,0,8,5,74.9,1,20,1,0,0
AC-1885,Synergy Corp,Financial Services,Mid-Market,1-Year Fixed,Manual Wire,59,1115.06,65306.91,60,43,8,1,6,0,60.1,1,10,1,0,0
AC-1886,Zenith Systems,Enterprise Tech,SMB,Month-to-Month,ACH Direct Debit,45,459.54,20710.26,6,3,3,0,4,13,90.0,1,15,0,1,0
AC-1887,Zenith Labs,Enterprise Tech,Mid-Market,2-Year Fixed,Auto-Invoice,37,953.42,35567.08,30,28,6,1,4,5,100.0,0,15,1,1,1
AC-1888,Crest Health,Healthcare,Mid-Market,Month-to-Month,Credit Card,65,1407.12,91148.13,54,37,2,1,8,5,60.9,1,20,1,0,0
AC-1889,Quantum Data,Financial Services,Mid-Market,Month-to-Month,Auto-Invoice,9,1949.38,17898.05,44,38,3,2,10,26,76.6,1,0,1,0,0
AC-1890,Velocity Health,Logistics,Mid-Market,1-Year Fixed,Credit Card,17,880.09,15288.59,79,36,2,1,6,6,75.2,1,10,1,1,0
AC-1891,Titan Health,Enterprise Tech,Mid-Market,3-Year Enterprise,ACH Direct Debit,65,733.35,47383.46,72,39,1,1,6,16,70.5,1,5,1,0,0
AC-1892,Velocity Networks,Financial Services,Mid-Market,Month-to-Month,ACH Direct Debit,3,767.16,2219.19,62,57,2,1,9,2,79.8,1,5,1,1,0
AC-1893,Starlight Labs,Financial Services,Enterprise,Month-to-Month,Auto-Invoice,26,3533.69,93168.07,260,87,4,0,6,1,76.6,1,5,1,1,1
AC-1894,Apex Systems,Enterprise Tech,Mid-Market,2-Year Fixed,Manual Wire,53,1090.15,59355.04,16,11,4,1,8,4,59.5,1,15,0,1,0
AC-1895,Nexus Capital,Enterprise Tech,Enterprise,1-Year Fixed,Credit Card,31,4665.95,146642.13,330,210,7,0,7,4,91.7,0,5,1,1,0
AC-1896,Solstice Solutions,Financial Services,Mid-Market,3-Year Enterprise,Auto-Invoice,26,1093.98,28693.94,31,26,1,0,6,1,71.6,1,5,0,0,0
AC-1897,Starlight Solutions,Healthcare,Mid-Market,Month-to-Month,Credit Card,23,1503.46,33643.9,45,22,2,2,7,7,61.1,0,0,1,1,1
AC-1898,Solstice Labs,Financial Services,Mid-Market,1-Year Fixed,Credit Card,30,1365.5,41559.55,24,11,5,2,10,0,100.0,1,0,1,0,0
AC-1899,Acme Systems,Healthcare,SMB,Month-to-Month,Credit Card,10,473.64,4658.18,17,16,3,0,8,7,65.9,1,10,1,1,0
AC-1900,Omni Health,Healthcare,SMB,Month-to-Month,Credit Card,72,528.35,39637.25,18,13,1,0,9,3,72.6,0,0,1,1,1
AC-1901,Velocity Systems,Enterprise Tech,Mid-Market,1-Year Fixed,Credit Card,64,1232.84,80114.64,44,16,3,1,5,7,71.2,0,0,1,0,0
AC-1902,Acme Capital,Healthcare,Mid-Market,1-Year Fixed,Auto-Invoice,22,742.76,15978.25,48,21,4,1,10,3,65.7,1,5,1,0,1
AC-1903,Starlight Data,Professional Services,Mid-Market,2-Year Fixed,ACH Direct Debit,15,702.28,10505.68,32,32,3,1,9,23,76.1,1,0,0,0,0
AC-1904,Aegis Logistics,Healthcare,Enterprise,Month-to-Month,Credit Card,56,3556.43,206062.6,387,169,5,0,4,2,52.8,1,0,1,1,1
AC-1905,Omni Labs,E-Commerce,Enterprise,1-Year Fixed,Auto-Invoice,20,3048.66,59969.97,287,209,6,1,8,24,78.7,0,15,1,0,1
AC-1906,Aegis Data,Financial Services,Enterprise,1-Year Fixed,ACH Direct Debit,47,1884.79,88810.5,428,254,4,1,6,0,36.3,0,15,1,1,0
AC-1907,Hyperion Networks,Logistics,Mid-Market,3-Year Enterprise,Manual Wire,53,660.2,35619.28,72,66,1,2,4,7,44.6,1,5,1,1,0
AC-1908,Quantum Capital,Logistics,Mid-Market,Month-to-Month,Manual Wire,53,770.47,41874.28,41,34,2,1,7,3,100.0,0,5,1,1,0
AC-1909,Aegis Solutions,Healthcare,SMB,Month-to-Month,Auto-Invoice,1,595.23,575.82,17,12,7,0,8,10,45.4,1,20,1,1,0
AC-1910,Acme Networks,Professional Services,Enterprise,1-Year Fixed,Auto-Invoice,2,4446.05,8950.03,413,127,2,2,8,9,32.7,0,0,1,0,1
AC-1911,Starlight Corp,Enterprise Tech,Enterprise,1-Year Fixed,Credit Card,58,4420.08,266931.99,398,365,2,0,7,9,45.8,1,10,1,1,0
AC-1912,Aegis Capital,Enterprise Tech,SMB,Month-to-Month,Auto-Invoice,19,539.0,10720.65,8,5,3,1,7,0,99.3,0,10,1,0,1
AC-1913,Starlight Technologies,Logistics,Enterprise,3-Year Enterprise,Manual Wire,62,3037.04,191236.64,399,380,5,2,10,10,35.7,1,15,1,0,1
AC-1914,Omni Global,Logistics,Mid-Market,Month-to-Month,Auto-Invoice,72,1665.48,125714.36,42,27,5,0,5,1,50.8,1,20,1,1,0
AC-1915,Zenith Logistics,Enterprise Tech,Mid-Market,2-Year Fixed,Auto-Invoice,12,1334.42,16126.31,71,56,8,0,9,0,41.8,1,5,1,1,0
AC-1916,Aegis Solutions,Financial Services,Mid-Market,Month-to-Month,Credit Card,26,911.85,23572.03,72,25,1,2,7,1,63.1,0,5,1,0,1
AC-1917,Acme Logistics,Enterprise Tech,Enterprise,1-Year Fixed,Auto-Invoice,27,2119.5,57521.72,52,43,2,1,5,4,60.2,0,10,0,1,0
AC-1918,Acme Systems,Financial Services,Enterprise,3-Year Enterprise,ACH Direct Debit,29,4209.96,117397.12,327,175,3,1,7,8,59.3,0,20,1,0,1
AC-1919,Titan Global,Logistics,Enterprise,Month-to-Month,Credit Card,15,4518.69,67114.18,105,57,8,0,4,1,100.0,1,15,1,1,0
AC-1920,Quantum Technologies,Healthcare,Mid-Market,3-Year Enterprise,Auto-Invoice,46,1069.74,49003.36,77,29,5,2,6,0,46.4,1,10,1,1,0
AC-1921,Omni Labs,Financial Services,Mid-Market,1-Year Fixed,Auto-Invoice,1,1072.35,1109.74,26,10,7,1,7,6,66.2,1,15,1,1,0
AC-1922,Hyperion Networks,Financial Services,Enterprise,3-Year Enterprise,Credit Card,60,1900.83,116999.68,225,97,3,0,4,25,74.1,0,0,0,1,1
AC-1923,Apex Health,Enterprise Tech,Mid-Market,1-Year Fixed,Auto-Invoice,57,718.5,41369.89,43,23,3,0,8,5,50.4,1,5,1,1,0
AC-1924,Nexus Corp,Financial Services,SMB,Month-to-Month,Credit Card,3,784.8,2318.44,13,12,1,3,5,7,76.8,1,0,1,1,1
AC-1925,Titan Systems,E-Commerce,Enterprise,Month-to-Month,Credit Card,18,2994.13,52207.63,208,116,2,0,4,5,60.8,0,0,1,1,1
AC-1926,Zenith Cloud,Professional Services,Mid-Market,Month-to-Month,ACH Direct Debit,52,1081.19,55365.99,74,60,2,0,5,9,74.7,1,10,1,1,0
AC-1927,Titan Global,Logistics,Mid-Market,Month-to-Month,Manual Wire,60,1431.42,87429.45,40,14,1,0,10,22,66.1,0,15,1,0,0
AC-1928,Vortex Solutions,Enterprise Tech,Enterprise,Month-to-Month,Manual Wire,34,3951.6,131170.71,115,82,3,2,3,4,31.1,1,10,1,0,1
AC-1929,Solstice Systems,Manufacturing,Mid-Market,Month-to-Month,Manual Wire,60,1843.21,109784.02,56,36,1,1,8,3,91.5,1,10,1,0,0
AC-1930,Quantum Global,Logistics,Mid-Market,1-Year Fixed,Auto-Invoice,26,1731.74,44515.42,45,44,3,0,6,12,100.0,1,0,1,1,0
AC-1931,Nexus Technologies,Logistics,SMB,2-Year Fixed,Auto-Invoice,72,517.75,38268.07,16,14,1,1,6,21,64.8,1,10,1,0,0
AC-1932,Zenith Capital,Healthcare,SMB,Month-to-Month,Auto-Invoice,19,729.57,14393.83,19,12,2,0,8,0,51.8,0,5,1,0,1
AC-1933,Zenith Health,Financial Services,Mid-Market,Month-to-Month,ACH Direct Debit,22,1112.86,24971.04,34,29,5,1,8,5,95.1,1,10,1,0,0
AC-1934,Acme Corp,Financial Services,Mid-Market,1-Year Fixed,Manual Wire,33,651.49,21158.63,22,10,3,0,6,9,100.0,0,5,1,1,0
AC-1935,Solstice Labs,Enterprise Tech,Mid-Market,Month-to-Month,ACH Direct Debit,38,1866.07,70436.81,63,44,5,0,4,4,65.0,0,10,1,1,0
AC-1936,Vortex Cloud,Enterprise Tech,Mid-Market,Month-to-Month,Auto-Invoice,35,778.91,26289.56,52,18,6,1,9,3,64.1,1,5,1,1,0
AC-1937,Acme Capital,Enterprise Tech,Mid-Market,Month-to-Month,Manual Wire,67,1927.11,124830.96,67,36,4,1,8,6,66.6,1,10,1,0,0
AC-1938,Nexus Cloud,Healthcare,Enterprise,3-Year Enterprise,Credit Card,10,3408.35,32939.29,103,47,4,1,7,1,37.9,0,0,1,1,0
AC-1939,Crest Health,E-Commerce,Mid-Market,2-Year Fixed,Auto-Invoice,15,1027.79,14847.33,43,35,1,0,8,2,62.8,0,5,1,1,0
AC-1940,Nexus Health,Healthcare,Mid-Market,1-Year Fixed,Credit Card,11,1293.73,13775.04,25,16,4,1,6,29,98.9,1,5,1,1,0
AC-1941,Vortex Data,Enterprise Tech,Mid-Market,1-Year Fixed,Auto-Invoice,24,1302.28,30325.48,61,50,6,1,5,6,65.0,0,10,0,1,0
AC-1942,Titan Health,Professional Services,SMB,1-Year Fixed,Credit Card,4,713.78,2744.3,5,3,4,1,7,12,49.3,1,10,1,1,0
AC-1943,Velocity Capital,Professional Services,Enterprise,1-Year Fixed,Auto-Invoice,13,3872.68,51050.98,150,54,3,1,8,10,76.9,0,20,1,1,0
AC-1944,Acme Labs,Logistics,Mid-Market,1-Year Fixed,Credit Card,57,1635.81,97813.73,64,52,6,0,8,6,56.0,0,10,1,1,0
AC-1945,Aegis Cloud,Professional Services,Enterprise,1-Year Fixed,Credit Card,37,2873.19,110339.09,344,304,5,0,8,11,66.8,1,5,1,1,0
AC-1946,Vortex Capital,Healthcare,SMB,Month-to-Month,ACH Direct Debit,48,414.94,19012.09,15,14,4,0,6,2,45.2,1,15,1,0,0
AC-1947,Crest Technologies,Professional Services,Mid-Market,Month-to-Month,Credit Card,71,1069.15,75325.59,59,41,1,2,10,6,49.3,1,5,1,0,1
AC-1948,Quantum Cloud,Enterprise Tech,Mid-Market,1-Year Fixed,Credit Card,1,1808.28,1873.25,75,62,3,1,6,5,81.3,1,0,1,1,0
AC-1949,Omni Logistics,Financial Services,Mid-Market,2-Year Fixed,ACH Direct Debit,60,1335.77,77218.26,35,29,3,3,7,5,70.1,0,10,1,1,0
AC-1950,Vortex Technologies,Enterprise Tech,Mid-Market,1-Year Fixed,Manual Wire,12,1339.69,16635.16,75,31,6,1,4,1,54.0,1,0,1,1,1
AC-1951,Omni Data,Enterprise Tech,SMB,2-Year Fixed,Auto-Invoice,21,351.8,7456.29,23,10,0,1,7,1,70.2,1,0,1,1,0
AC-1952,Zenith Data,Enterprise Tech,Mid-Market,3-Year Enterprise,Credit Card,11,1049.23,12039.31,38,13,4,1,8,2,57.1,1,15,1,1,0
AC-1953,Omni Systems,E-Commerce,Mid-Market,Month-to-Month,Auto-Invoice,44,1271.36,58043.4,46,24,4,1,9,5,53.9,1,15,1,0,0
AC-1954,Vortex Capital,Logistics,SMB,1-Year Fixed,Auto-Invoice,58,685.88,40485.3,7,4,5,1,10,22,89.0,0,15,1,0,0
AC-1955,Zenith Global,Healthcare,Enterprise,1-Year Fixed,Credit Card,44,4685.96,209436.26,492,491,3,2,8,18,82.1,0,0,1,1,1
AC-1956,Titan Global,Enterprise Tech,Enterprise,3-Year Enterprise,ACH Direct Debit,34,2873.66,94901.93,464,279,3,1,8,1,67.6,1,15,0,1,0
AC-1957,Quantum Capital,Logistics,Mid-Market,3-Year Enterprise,Auto-Invoice,25,811.53,19510.71,25,20,3,2,6,2,70.6,0,10,1,1,0
AC-1958,Vortex Capital,E-Commerce,SMB,1-Year Fixed,ACH Direct Debit,4,786.43,3119.11,13,10,1,2,6,0,67.8,1,15,1,1,0
AC-1959,Aegis Systems,Financial Services,Mid-Market,Month-to-Month,ACH Direct Debit,64,960.72,59558.98,56,25,1,0,9,3,76.8,0,10,1,1,0
AC-1960,Hyperion Capital,E-Commerce,Enterprise,2-Year Fixed,Manual Wire,16,3256.41,50031.05,209,71,4,0,9,11,53.6,0,10,1,1,0
AC-1961,Nexus Capital,Financial Services,Mid-Market,Month-to-Month,Auto-Invoice,10,780.95,7655.13,22,15,6,1,5,15,83.5,0,0,0,0,1
AC-1962,Crest Systems,Financial Services,Mid-Market,2-Year Fixed,Manual Wire,66,1045.64,71500.06,40,32,4,1,9,1,74.4,0,10,1,1,0
AC-1963,Aegis Cloud,Manufacturing,Enterprise,3-Year Enterprise,Auto-Invoice,35,2846.38,94812.97,62,62,6,0,9,1,63.3,1,10,1,0,0
AC-1964,Acme Cloud,Financial Services,Mid-Market,1-Year Fixed,Credit Card,6,1584.63,9310.62,73,40,5,1,5,1,59.2,1,5,1,1,0
AC-1965,Zenith Health,Healthcare,SMB,1-Year Fixed,Auto-Invoice,19,539.34,10169.63,16,15,4,2,8,2,83.1,1,10,1,1,0
AC-1966,Omni Logistics,Manufacturing,Mid-Market,1-Year Fixed,Auto-Invoice,59,1490.22,88015.91,52,30,2,0,5,10,65.3,0,10,1,1,0
AC-1967,Starlight Cloud,E-Commerce,Mid-Market,1-Year Fixed,ACH Direct Debit,53,1912.85,98152.85,16,13,4,1,2,6,55.4,1,10,1,1,0
AC-1968,Hyperion Data,Enterprise Tech,Mid-Market,Month-to-Month,Credit Card,8,779.91,6528.92,31,22,3,1,7,9,61.1,0,5,1,1,0
AC-1969,Synergy Labs,Enterprise Tech,Enterprise,2-Year Fixed,Auto-Invoice,10,3589.93,36182.45,233,79,3,0,8,5,81.8,1,0,1,1,0
AC-1970,Aegis Logistics,Enterprise Tech,SMB,3-Year Enterprise,Auto-Invoice,67,219.24,14721.56,12,4,2,1,7,1,39.0,0,0,1,0,0
AC-1971,Acme Global,E-Commerce,Mid-Market,3-Year Enterprise,Credit Card,38,1797.72,64957.96,48,15,3,0,10,1,61.6,1,15,1,1,0
AC-1972,Velocity Networks,Financial Services,Mid-Market,Month-to-Month,Auto-Invoice,29,1763.46,51067.29,41,23,2,1,8,0,87.3,1,0,1,0,0
AC-1973,Titan Logistics,Enterprise Tech,Mid-Market,2-Year Fixed,ACH Direct Debit,15,1718.55,26648.71,51,42,3,0,8,9,65.0,1,0,1,1,0
AC-1974,Aegis Labs,Professional Services,Mid-Market,2-Year Fixed,Auto-Invoice,23,1107.12,24749.87,36,15,2,0,8,11,72.9,0,25,1,1,0
AC-1975,Solstice Networks,Healthcare,Mid-Market,Month-to-Month,Auto-Invoice,46,904.45,40985.65,28,20,2,0,6,8,87.6,1,0,1,1,0
AC-1976,Velocity Solutions,Enterprise Tech,Enterprise,Month-to-Month,Auto-Invoice,28,3707.55,98834.39,283,142,4,0,9,0,84.1,0,10,1,1,0
AC-1977,Starlight Solutions,Healthcare,SMB,Month-to-Month,Credit Card,26,317.86,8658.51,15,13,5,0,8,8,60.1,1,20,1,0,0
AC-1978,Solstice Data,E-Commerce,SMB,3-Year Enterprise,Auto-Invoice,10,592.89,5671.97,21,18,5,0,8,0,65.7,1,10,0,0,0
AC-1979,Synergy Solutions,Enterprise Tech,Mid-Market,1-Year Fixed,Auto-Invoice,47,1579.38,77186.89,75,63,4,1,6,0,84.3,1,15,1,1,0
AC-1980,Zenith Cloud,Financial Services,SMB,2-Year Fixed,Manual Wire,4,759.47,2981.07,16,11,7,4,4,3,84.9,1,25,0,1,0
AC-1981,Apex Health,Logistics,Enterprise,Month-to-Month,Credit Card,55,4768.23,264548.84,73,36,2,0,6,3,66.4,0,15,1,0,0
AC-1982,Apex Capital,Healthcare,Mid-Market,2-Year Fixed,Auto-Invoice,66,698.05,46897.43,26,23,5,1,8,10,67.0,0,10,0,0,0
AC-1983,Velocity Solutions,Healthcare,Mid-Market,Month-to-Month,Credit Card,67,1707.66,110303.83,29,12,2,0,6,7,72.8,0,5,1,1,0
AC-1984,Crest Capital,Financial Services,Mid-Market,1-Year Fixed,ACH Direct Debit,7,1442.59,10041.34,31,16,7,1,8,1,92.6,1,5,1,0,1
AC-1985,Zenith Global,Enterprise Tech,Mid-Market,1-Year Fixed,Auto-Invoice,55,1402.19,75774.44,48,21,7,3,7,1,87.2,1,15,1,0,1
AC-1986,Hyperion Global,Enterprise Tech,Mid-Market,Month-to-Month,Auto-Invoice,31,1241.73,36786.83,49,38,3,0,8,2,80.5,1,15,1,1,0
AC-1987,Solstice Networks,Financial Services,Enterprise,2-Year Fixed,ACH Direct Debit,19,4263.19,83699.5,282,220,3,1,5,0,48.6,1,15,1,1,0
AC-1988,Titan Health,Enterprise Tech,Mid-Market,Month-to-Month,Credit Card,28,1249.7,33400.07,69,52,3,1,8,2,63.1,1,10,1,1,0
AC-1989,Vortex Data,Enterprise Tech,Enterprise,1-Year Fixed,Credit Card,28,3631.68,103245.47,492,291,2,2,6,8,64.0,1,5,1,1,1
AC-1990,Crest Labs,Logistics,Mid-Market,1-Year Fixed,Auto-Invoice,19,1417.26,26427.29,19,7,4,0,4,1,93.5,1,5,0,1,0
AC-1991,Zenith Technologies,Professional Services,Enterprise,1-Year Fixed,Auto-Invoice,20,2162.53,41919.04,467,438,3,0,7,11,63.7,1,0,0,1,0
AC-1992,Starlight Corp,Logistics,Enterprise,Month-to-Month,Credit Card,13,1854.95,24517.27,169,111,5,0,10,3,90.6,1,15,0,0,0
AC-1993,Starlight Solutions,Manufacturing,Mid-Market,Month-to-Month,Auto-Invoice,43,803.13,34792.0,29,17,4,0,4,2,57.7,0,0,0,0,1
AC-1994,Starlight Cloud,Enterprise Tech,Mid-Market,3-Year Enterprise,Credit Card,11,1578.85,17046.5,49,35,6,1,7,3,59.2,0,5,1,0,1
AC-1995,Apex Data,Professional Services,SMB,Month-to-Month,Credit Card,48,626.16,30094.63,13,6,3,1,9,7,76.7,0,15,1,0,0
AC-1996,Hyperion Systems,Enterprise Tech,Mid-Market,2-Year Fixed,Auto-Invoice,15,1799.02,26300.51,74,29,2,0,10,4,96.2,1,0,0,1,0
AC-1997,Titan Technologies,Professional Services,Mid-Market,3-Year Enterprise,Manual Wire,17,1572.16,27698.76,38,22,3,0,6,0,64.2,1,20,1,1,0
AC-1998,Apex Technologies,Professional Services,SMB,Month-to-Month,ACH Direct Debit,54,685.16,36309.79,6,3,5,2,6,15,21.9,0,0,1,1,1
AC-1999,Titan Capital,E-Commerce,Mid-Market,Month-to-Month,ACH Direct Debit,50,1770.38,86263.12,58,27,0,0,5,0,39.8,1,20,1,1,0
AC-2000,Aegis Solutions,Professional Services,Enterprise,1-Year Fixed,Auto-Invoice,28,2514.53,72179.92,201,186,2,0,10,17,73.4,0,5,0,1,1
AC-2001,Vortex Data,Healthcare,Mid-Market,3-Year Enterprise,Auto-Invoice,4,1751.43,6667.76,65,44,7,0,5,0,41.5,1,0,1,1,0
AC-2002,Starlight Cloud,Financial Services,SMB,3-Year Enterprise,Credit Card,22,404.49,8692.34,22,14,2,0,6,9,52.4,1,10,1,0,0
AC-2003,Nexus Corp,Financial Services,Mid-Market,1-Year Fixed,Auto-Invoice,39,1839.73,70855.44,46,36,3,2,3,4,68.2,1,15,1,1,0
AC-2004,Zenith Data,Healthcare,Enterprise,2-Year Fixed,Manual Wire,34,2721.49,96067.53,391,378,3,1,9,4,23.9,0,5,1,1,0
AC-2005,Synergy Cloud,Enterprise Tech,Enterprise,Month-to-Month,Auto-Invoice,44,1734.81,79769.94,420,159,11,1,10,0,61.2,1,10,1,0,1
AC-2006,Apex Technologies,E-Commerce,Enterprise,3-Year Enterprise,Credit Card,42,4450.55,190969.57,220,194,4,1,9,1,47.0,0,25,0,0,0
AC-2007,Velocity Global,Professional Services,Mid-Market,3-Year Enterprise,Auto-Invoice,40,1336.96,53438.46,65,46,6,0,4,9,41.0,1,0,0,0,1
AC-2008,Aegis Logistics,Enterprise Tech,Mid-Market,Month-to-Month,Credit Card,12,1549.7,18857.91,25,10,3,1,8,13,53.6,1,15,0,1,0
AC-2009,Synergy Logistics,Logistics,Enterprise,Month-to-Month,Auto-Invoice,2,4288.77,8503.77,246,125,4,0,4,4,48.8,1,0,1,0,1
AC-2010,Vortex Solutions,Manufacturing,SMB,Month-to-Month,Credit Card,28,754.74,20707.58,21,13,2,0,7,2,76.5,1,5,0,1,0
AC-2011,Zenith Corp,Professional Services,SMB,Month-to-Month,Auto-Invoice,67,689.88,48305.13,15,12,0,1,8,0,89.5,1,0,0,1,0
AC-2012,Apex Global,Professional Services,Mid-Market,2-Year Fixed,ACH Direct Debit,71,1301.31,88839.48,67,31,5,1,8,7,61.4,1,5,1,0,0
AC-2013,Zenith Health,Healthcare,SMB,1-Year Fixed,Auto-Invoice,72,460.37,32637.49,22,15,4,0,8,2,57.3,0,0,0,1,0
AC-2014,Synergy Networks,Professional Services,Enterprise,Month-to-Month,Manual Wire,10,3116.77,32411.57,333,259,2,1,7,0,60.5,1,5,1,1,1
AC-2015,Zenith Cloud,Logistics,Mid-Market,Month-to-Month,ACH Direct Debit,57,1201.05,69987.47,40,25,2,1,3,6,48.1,1,5,1,0,1
AC-2016,Starlight Solutions,Enterprise Tech,Mid-Market,3-Year Enterprise,Auto-Invoice,37,676.11,23838.07,21,19,0,1,8,4,44.8,0,10,0,1,0
AC-2017,Velocity Corp,Healthcare,SMB,1-Year Fixed,ACH Direct Debit,64,518.13,31578.9,9,8,5,0,7,0,38.4,1,10,0,0,0
AC-2018,Hyperion Cloud,E-Commerce,SMB,1-Year Fixed,Auto-Invoice,40,358.42,14360.47,11,7,2,2,5,0,44.1,1,10,1,1,0
AC-2019,Aegis Global,Enterprise Tech,Enterprise,Month-to-Month,Manual Wire,60,1932.7,115779.4,185,181,3,0,4,7,97.4,1,0,1,1,0
AC-2020,Apex Data,E-Commerce,SMB,3-Year Enterprise,Credit Card,48,622.03,29687.23,9,3,3,0,10,0,55.6,1,20,1,0,0
AC-2021,Quantum Data,E-Commerce,Enterprise,2-Year Fixed,Auto-Invoice,19,4174.55,77748.71,110,33,6,0,10,12,15.1,1,5,1,1,1
AC-2022,Zenith Labs,Enterprise Tech,SMB,Month-to-Month,Auto-Invoice,72,655.05,49458.76,17,10,1,1,9,2,57.4,0,0,1,0,0
AC-2023,Velocity Labs,Healthcare,SMB,Month-to-Month,Auto-Invoice,33,323.36,10427.57,15,11,3,1,6,0,39.4,1,10,1,0,1
AC-2024,Aegis Corp,Logistics,Enterprise,Month-to-Month,Manual Wire,44,3212.07,141190.32,69,51,0,0,2,8,69.1,1,10,1,0,0
AC-2025,Hyperion Global,Healthcare,Mid-Market,Month-to-Month,Auto-Invoice,37,661.03,24225.5,24,15,2,0,9,4,67.1,1,0,1,0,0
AC-2026,Acme Labs,Enterprise Tech,Enterprise,1-Year Fixed,Credit Card,36,3725.63,129699.98,211,82,2,0,8,2,69.0,0,0,0,1,0
AC-2027,Nexus Cloud,Enterprise Tech,Mid-Market,3-Year Enterprise,Credit Card,21,1574.12,32073.48,62,26,1,2,6,3,67.3,1,15,1,1,0
AC-2028,Apex Logistics,Financial Services,Mid-Market,1-Year Fixed,Manual Wire,2,1931.56,4024.72,66,59,5,3,10,0,61.3,0,5,1,1,1
AC-2029,Crest Technologies,Manufacturing,Mid-Market,2-Year Fixed,Auto-Invoice,31,707.84,22729.21,29,26,2,1,9,6,41.8,0,5,0,0,0
AC-2030,Velocity Solutions,Enterprise Tech,SMB,1-Year Fixed,Credit Card,30,537.05,15626.62,6,5,2,0,8,2,66.7,1,20,1,1,0
AC-2031,Zenith Global,E-Commerce,Mid-Market,2-Year Fixed,Credit Card,44,1837.81,83901.38,57,44,3,0,7,7,86.3,0,0,1,0,0
AC-2032,Apex Health,Enterprise Tech,Mid-Market,2-Year Fixed,ACH Direct Debit,12,1647.4,19193.9,64,46,5,2,7,6,100.0,1,10,1,1,0
AC-2033,Quantum Data,Financial Services,SMB,Month-to-Month,Auto-Invoice,51,635.51,32821.16,9,4,2,1,9,6,63.7,1,5,1,1,0
AC-2034,Vortex Data,Logistics,SMB,1-Year Fixed,Auto-Invoice,49,674.17,31651.12,7,4,2,2,5,9,65.7,0,0,1,0,0
AC-2035,Aegis Capital,E-Commerce,Enterprise,1-Year Fixed,Auto-Invoice,24,4339.22,108102.5,415,327,6,1,8,6,77.0,1,0,1,1,0
AC-2036,Crest Health,Enterprise Tech,SMB,Month-to-Month,ACH Direct Debit,24,432.5,9914.46,15,10,1,0,5,3,94.9,0,10,1,1,0
AC-2037,Apex Labs,Financial Services,Enterprise,1-Year Fixed,Auto-Invoice,60,3775.8,227792.72,156,49,4,1,10,3,59.2,1,0,1,1,0
AC-2038,Quantum Cloud,Enterprise Tech,SMB,1-Year Fixed,Credit Card,11,532.08,6016.59,7,7,4,1,8,0,80.5,0,10,1,1,0
AC-2039,Solstice Solutions,Healthcare,Enterprise,3-Year Enterprise,Auto-Invoice,13,2950.86,36891.31,120,107,4,0,6,9,53.2,0,20,1,1,1
AC-2040,Starlight Networks,E-Commerce,Enterprise,1-Year Fixed,ACH Direct Debit,72,2972.75,211993.51,480,232,1,3,7,8,73.9,1,15,1,1,0
AC-2041,Nexus Data,Enterprise Tech,Mid-Market,2-Year Fixed,Manual Wire,72,1841.78,126534.05,48,35,4,4,5,1,85.5,1,5,0,1,0
AC-2042,Omni Capital,Financial Services,Mid-Market,1-Year Fixed,Credit Card,64,877.7,57199.37,55,52,3,0,10,12,44.8,1,0,1,0,0
AC-2043,Crest Logistics,Financial Services,Mid-Market,2-Year Fixed,Auto-Invoice,20,1648.02,32325.75,24,9,3,0,10,5,58.5,0,5,1,1,0
AC-2044,Nexus Corp,Manufacturing,Enterprise,1-Year Fixed,Auto-Invoice,72,4440.48,321613.51,288,188,5,3,9,4,85.2,0,5,1,0,1
AC-2045,Solstice Health,Professional Services,Mid-Market,2-Year Fixed,Auto-Invoice,71,1738.07,128743.01,71,44,5,1,10,0,79.1,1,25,1,1,0
AC-2046,Solstice Networks,Enterprise Tech,SMB,1-Year Fixed,Auto-Invoice,28,240.27,6596.95,14,8,2,1,8,2,86.6,1,25,1,1,0
AC-2047,Apex Data,Logistics,Mid-Market,1-Year Fixed,Credit Card,2,1658.5,3167.28,71,63,1,1,9,6,83.3,1,5,0,1,0
AC-2048,Starlight Corp,Financial Services,Enterprise,1-Year Fixed,Credit Card,43,1544.3,67571.15,331,187,3,1,10,0,61.9,1,0,1,1,0
AC-2049,Acme Technologies,Financial Services,Mid-Market,1-Year Fixed,Manual Wire,8,1225.68,10086.7,21,7,2,1,7,3,100.0,0,20,1,1,0
AC-2050,Acme Data,Logistics,Enterprise,Month-to-Month,Auto-Invoice,13,2119.12,28809.92,467,162,4,1,7,30,70.5,0,15,1,0,1
AC-2051,Velocity Technologies,Manufacturing,SMB,Month-to-Month,Credit Card,35,383.43,12960.82,18,6,7,0,9,7,13.0,1,5,1,1,1
AC-2052,Hyperion Labs,Professional Services,SMB,Month-to-Month,Credit Card,23,419.23,9538.29,6,4,2,1,9,4,62.9,0,5,0,1,1
AC-2053,Omni Solutions,Healthcare,Mid-Market,2-Year Fixed,Credit Card,46,1810.67,86157.19,30,24,5,0,6,4,59.6,0,5,1,1,0
AC-2054,Quantum Capital,Financial Services,Mid-Market,Month-to-Month,Auto-Invoice,15,1839.17,28434.13,52,23,3,1,3,0,82.3,0,20,1,0,1
AC-2055,Aegis Systems,Logistics,SMB,Month-to-Month,Credit Card,2,248.61,503.43,7,5,1,0,7,19,59.9,1,0,1,1,0
AC-2056,Quantum Labs,Financial Services,Mid-Market,2-Year Fixed,Credit Card,61,835.33,49779.94,18,14,2,0,3,16,87.8,0,15,1,1,0
AC-2057,Vortex Solutions,Healthcare,SMB,Month-to-Month,ACH Direct Debit,64,779.79,48828.75,17,8,3,1,5,7,78.0,1,0,1,0,1
AC-2058,Solstice Technologies,Financial Services,Mid-Market,1-Year Fixed,Manual Wire,52,851.57,42616.66,31,22,2,0,5,0,50.0,1,20,1,0,0
AC-2059,Aegis Health,E-Commerce,SMB,Month-to-Month,Auto-Invoice,36,645.56,24220.55,19,15,3,0,6,1,65.5,0,5,1,0,1
AC-2060,Apex Data,Enterprise Tech,Mid-Market,3-Year Enterprise,Auto-Invoice,67,1372.32,88938.19,22,14,3,1,9,1,54.0,1,0,0,0,0
AC-2061,Hyperion Health,Enterprise Tech,Mid-Market,2-Year Fixed,Credit Card,69,1255.36,87251.18,67,36,3,2,9,4,71.3,1,0,1,1,0
AC-2062,Quantum Cloud,Manufacturing,SMB,2-Year Fixed,Credit Card,67,259.73,17548.7,8,6,6,1,8,1,53.9,0,10,0,1,0
AC-2063,Hyperion Global,Enterprise Tech,Mid-Market,1-Year Fixed,Auto-Invoice,47,1379.74,64002.2,61,60,6,0,9,7,69.3,0,0,1,0,0
AC-2064,Quantum Health,Healthcare,Mid-Market,2-Year Fixed,ACH Direct Debit,2,1525.57,3006.14,54,32,0,1,9,4,63.1,0,10,1,1,0
AC-2065,Apex Data,Enterprise Tech,Enterprise,Month-to-Month,Manual Wire,44,4674.53,209146.84,307,176,1,0,2,0,65.3,1,0,0,1,0
AC-2066,Acme Technologies,Enterprise Tech,Mid-Market,Month-to-Month,Manual Wire,64,1134.96,71826.06,26,16,1,0,7,8,100.0,1,0,1,0,0
AC-2067,Hyperion Data,Enterprise Tech,Mid-Market,Month-to-Month,Auto-Invoice,28,1432.17,39118.75,39,14,5,0,3,1,61.5,0,5,1,1,1
AC-2068,Starlight Systems,Enterprise Tech,Enterprise,1-Year Fixed,ACH Direct Debit,54,3903.56,208666.01,111,76,3,0,8,10,33.2,1,10,1,1,0
AC-2069,Titan Capital,Manufacturing,Enterprise,1-Year Fixed,ACH Direct Debit,67,3077.72,212551.45,191,101,2,2,3,2,86.3,1,5,1,0,0
AC-2070,Vortex Data,Financial Services,Mid-Market,1-Year Fixed,Credit Card,36,875.54,32989.75,61,23,4,0,7,2,86.1,0,5,1,0,1
AC-2071,Apex Solutions,Professional Services,SMB,Month-to-Month,Credit Card,63,329.97,21070.72,13,8,5,0,8,0,32.4,1,10,1,1,0
AC-2072,Apex Systems,Healthcare,Mid-Market,1-Year Fixed,ACH Direct Debit,25,1351.66,34744.76,68,21,5,0,5,27,55.4,0,5,1,1,1
AC-2073,Acme Systems,Financial Services,Enterprise,2-Year Fixed,Credit Card,48,4460.9,214826.06,160,93,9,0,9,5,75.8,1,0,1,1,0
AC-2074,Zenith Corp,Healthcare,Mid-Market,1-Year Fixed,Auto-Invoice,39,1137.51,44916.64,41,15,5,0,8,3,77.4,0,0,1,1,0
AC-2075,Titan Technologies,Healthcare,Enterprise,2-Year Fixed,Credit Card,47,4722.42,232787.01,64,20,4,0,8,0,67.9,1,0,0,1,0
AC-2076,Synergy Solutions,Logistics,Mid-Market,Month-to-Month,Credit Card,21,1512.88,31574.83,36,32,4,1,9,7,68.3,0,10,1,1,0
AC-2077,Hyperion Networks,Financial Services,Enterprise,2-Year Fixed,Auto-Invoice,30,3157.6,90619.22,208,196,3,0,6,2,51.1,1,5,1,0,0
AC-2078,Titan Logistics,Financial Services,Enterprise,1-Year Fixed,Manual Wire,31,2048.83,66416.35,206,92,1,4,8,27,24.8,0,5,0,1,1
AC-2079,Vortex Solutions,Manufacturing,Enterprise,Month-to-Month,Credit Card,26,3827.76,102438.36,76,51,4,1,7,18,100.0,1,15,0,1,0
AC-2080,Titan Networks,Professional Services,Mid-Market,Month-to-Month,Credit Card,22,830.02,18074.75,15,7,1,1,7,8,50.6,0,5,1,0,1
AC-2081,Crest Systems,Manufacturing,Enterprise,1-Year Fixed,Auto-Invoice,21,2433.73,53573.77,58,37,3,1,6,21,71.2,0,10,1,1,1
AC-2082,Quantum Cloud,Financial Services,Mid-Market,2-Year Fixed,Credit Card,1,1665.11,1639.39,60,36,8,0,5,0,65.1,0,0,1,1,0
AC-2083,Zenith Global,Logistics,Mid-Market,1-Year Fixed,Auto-Invoice,37,683.9,24980.71,55,27,4,1,6,2,84.1,0,10,0,0,0
AC-2084,Aegis Technologies,Healthcare,Mid-Market,Month-to-Month,Auto-Invoice,46,626.3,29125.93,55,43,3,3,6,1,70.1,1,10,1,1,0
AC-2085,Acme Technologies,Healthcare,Mid-Market,2-Year Fixed,Credit Card,9,1963.51,17272.83,22,9,5,0,6,0,70.8,1,15,1,0,1
AC-2086,Acme Networks,Enterprise Tech,SMB,1-Year Fixed,Credit Card,17,366.57,6355.43,21,7,3,1,9,22,20.6,1,15,0,0,1
AC-2087,Velocity Health,Healthcare,Enterprise,1-Year Fixed,Credit Card,47,3717.98,168678.79,482,404,1,1,5,0,53.0,1,15,1,1,0
AC-2088,Vortex Data,Enterprise Tech,Mid-Market,1-Year Fixed,Auto-Invoice,59,1386.59,78602.11,60,46,8,0,7,11,81.4,0,15,1,0,0
AC-2089,Quantum Capital,Financial Services,Enterprise,Month-to-Month,Credit Card,54,2871.92,155624.58,193,125,3,2,10,8,79.8,0,5,1,1,0
AC-2090,Vortex Data,Manufacturing,Enterprise,1-Year Fixed,Auto-Invoice,12,2752.78,33216.67,405,254,5,1,9,2,50.9,1,5,1,0,0
AC-2091,Solstice Corp,Enterprise Tech,Mid-Market,1-Year Fixed,Manual Wire,64,1295.35,79641.48,27,18,2,0,10,0,39.6,1,20,1,0,0
AC-2092,Solstice Cloud,Enterprise Tech,Mid-Market,3-Year Enterprise,Credit Card,6,1170.3,7347.74,54,33,8,1,6,0,70.3,1,20,1,0,0
AC-2093,Velocity Networks,Enterprise Tech,SMB,1-Year Fixed,Credit Card,53,635.88,33948.63,16,9,6,1,9,1,15.7,1,5,1,1,0
AC-2094,Aegis Corp,Professional Services,Mid-Market,1-Year Fixed,Auto-Invoice,16,1865.84,28811.66,58,38,4,1,5,4,47.3,0,5,1,0,0
AC-2095,Starlight Technologies,Healthcare,SMB,1-Year Fixed,Auto-Invoice,5,459.8,2255.65,7,5,2,0,7,3,99.7,0,15,1,1,0
AC-2096,Titan Technologies,Financial Services,Enterprise,3-Year Enterprise,Manual Wire,46,1776.69,84181.49,469,368,6,1,7,5,94.0,1,5,1,1,0
AC-2097,Titan Global,Logistics,Enterprise,2-Year Fixed,Auto-Invoice,14,2645.26,37119.67,237,189,1,3,6,9,76.8,1,0,1,1,0
AC-2098,Velocity Health,Logistics,Enterprise,1-Year Fixed,Credit Card,44,2882.95,122893.97,213,120,4,0,6,2,73.5,0,10,1,1,0
AC-2099,Crest Logistics,Financial Services,Enterprise,2-Year Fixed,Credit Card,63,1555.84,94125.13,316,186,0,0,6,1,32.9,1,0,1,1,0
AC-2100,Solstice Cloud,E-Commerce,Mid-Market,1-Year Fixed,Auto-Invoice,52,1242.13,64143.63,25,14,2,0,5,9,54.7,1,5,0,1,0
AC-2101,Vortex Technologies,Logistics,Mid-Market,1-Year Fixed,ACH Direct Debit,26,1676.01,42867.77,39,26,3,1,9,2,62.7,1,15,0,1,0
AC-2102,Crest Networks,E-Commerce,Enterprise,Month-to-Month,Credit Card,53,3169.92,170625.26,129,80,7,1,7,2,55.1,1,0,1,1,0
AC-2103,Crest Health,Enterprise Tech,SMB,1-Year Fixed,Auto-Invoice,29,403.08,12186.4,10,9,5,0,8,8,61.7,0,20,1,1,0
AC-2104,Zenith Global,Manufacturing,SMB,Month-to-Month,Auto-Invoice,19,439.18,8133.92,16,13,5,0,8,16,91.4,1,20,1,1,0
AC-2105,Titan Global,Healthcare,Enterprise,3-Year Enterprise,Auto-Invoice,47,3182.78,154904.63,66,61,4,1,7,15,58.2,1,15,1,1,0
AC-2106,Synergy Corp,Financial Services,Enterprise,Month-to-Month,ACH Direct Debit,8,1928.22,16074.35,495,394,1,1,7,0,61.9,1,25,1,0,0
AC-2107,Zenith Capital,Financial Services,Enterprise,3-Year Enterprise,Credit Card,23,3975.2,95105.09,219,215,3,3,7,4,81.3,0,5,1,1,1
AC-2108,Zenith Networks,Enterprise Tech,Enterprise,1-Year Fixed,Auto-Invoice,35,1827.46,66852.64,329,245,6,0,10,0,42.4,1,10,0,1,0
AC-2109,Omni Networks,Enterprise Tech,Enterprise,1-Year Fixed,Auto-Invoice,53,4268.86,233989.77,450,439,2,1,9,19,52.9,0,15,1,1,1
AC-2110,Nexus Data,Logistics,Mid-Market,1-Year Fixed,Credit Card,58,1601.31,93744.24,49,20,3,0,7,1,54.7,0,5,1,1,0
AC-2111,Vortex Technologies,Enterprise Tech,Enterprise,Month-to-Month,Credit Card,5,2564.07,12704.77,389,131,1,0,6,1,69.0,1,5,1,1,1
AC-2112,Vortex Global,Financial Services,Mid-Market,1-Year Fixed,Credit Card,16,1201.05,19200.83,74,52,2,1,7,13,61.8,1,10,1,1,0
AC-2113,Hyperion Labs,Healthcare,SMB,Month-to-Month,Auto-Invoice,17,458.86,8091.28,21,21,4,1,8,21,62.4,1,10,1,0,1
AC-2114,Quantum Health,Enterprise Tech,Mid-Market,1-Year Fixed,Auto-Invoice,32,1416.34,44422.76,30,18,5,1,10,7,56.0,1,15,1,1,0
AC-2115,Aegis Global,Professional Services,SMB,1-Year Fixed,Credit Card,52,737.91,37063.86,11,5,3,1,4,0,48.7,1,10,0,1,0
AC-2116,Crest Logistics,Enterprise Tech,Enterprise,2-Year Fixed,Manual Wire,20,2277.63,43916.44,60,40,0,0,9,4,79.0,0,10,1,1,0
AC-2117,Nexus Global,Financial Services,Mid-Market,Month-to-Month,Auto-Invoice,66,1065.71,72636.84,75,57,4,0,10,10,61.9,1,10,1,1,0
AC-2118,Zenith Technologies,Financial Services,Mid-Market,Month-to-Month,Credit Card,1,718.48,737.27,62,32,1,1,4,5,79.1,1,5,1,1,1
AC-2119,Velocity Systems,Enterprise Tech,Enterprise,1-Year Fixed,Credit Card,58,2203.1,127749.71,182,146,3,1,7,0,48.0,1,0,0,0,1
AC-2120,Synergy Data,Enterprise Tech,Enterprise,3-Year Enterprise,Credit Card,44,2394.51,102986.52,438,430,4,1,5,1,56.0,1,15,1,1,0
AC-2121,Apex Labs,E-Commerce,Mid-Market,2-Year Fixed,Auto-Invoice,6,704.16,4300.0,71,66,4,0,8,12,64.0,1,0,1,1,0
AC-2122,Velocity Logistics,Professional Services,Mid-Market,1-Year Fixed,ACH Direct Debit,50,1743.21,83137.46,60,30,5,2,6,4,65.7,1,25,1,0,0
AC-2123,Zenith Capital,Enterprise Tech,Mid-Market,1-Year Fixed,Credit Card,72,1815.91,131637.57,42,22,4,1,7,7,81.6,1,15,1,0,0
AC-2124,Starlight Labs,E-Commerce,Mid-Market,Month-to-Month,Credit Card,20,1495.19,29600.05,17,10,1,1,6,2,60.3,1,10,1,1,0
AC-2125,Starlight Data,E-Commerce,Mid-Market,3-Year Enterprise,Auto-Invoice,14,1226.51,17991.68,51,29,2,1,9,4,81.4,1,20,1,0,0
AC-2126,Crest Corp,Logistics,Enterprise,1-Year Fixed,Auto-Invoice,5,4649.42,23264.68,128,47,4,0,8,23,74.7,1,10,1,0,0
AC-2127,Crest Capital,Financial Services,Mid-Market,Month-to-Month,Auto-Invoice,41,1589.36,65504.36,33,28,1,0,8,2,66.1,0,0,1,1,0
AC-2128,Vortex Systems,Financial Services,Enterprise,1-Year Fixed,ACH Direct Debit,40,1678.2,68553.55,146,81,1,2,8,6,50.9,0,10,1,1,0
AC-2129,Nexus Health,Financial Services,Enterprise,Month-to-Month,Auto-Invoice,34,2689.06,91286.68,298,273,5,1,8,1,81.6,0,0,1,1,0
AC-2130,Starlight Logistics,E-Commerce,SMB,3-Year Enterprise,Credit Card,45,459.43,20104.91,5,5,7,1,7,0,51.3,1,5,1,1,0
AC-2131,Omni Solutions,Logistics,Mid-Market,Month-to-Month,Auto-Invoice,71,1717.89,122424.87,43,14,3,1,10,9,67.6,0,5,1,1,0
AC-2132,Starlight Solutions,Enterprise Tech,Mid-Market,1-Year Fixed,Credit Card,71,1950.31,144623.89,65,64,6,1,5,11,67.0,1,15,1,1,0
AC-2133,Velocity Solutions,Financial Services,Mid-Market,Month-to-Month,Credit Card,27,811.74,21719.53,56,45,2,2,4,6,64.3,1,5,0,1,0
AC-2134,Starlight Technologies,Manufacturing,Mid-Market,2-Year Fixed,Auto-Invoice,44,625.58,28019.99,43,29,3,0,3,1,61.0,1,5,0,1,0
AC-2135,Synergy Logistics,Logistics,Enterprise,2-Year Fixed,Auto-Invoice,33,1636.02,56569.5,171,98,9,0,3,1,53.2,0,5,1,0,1
AC-2136,Nexus Global,Professional Services,Enterprise,1-Year Fixed,Auto-Invoice,33,3428.09,116859.28,405,268,3,0,9,14,38.9,0,5,0,1,1
AC-2137,Titan Technologies,Logistics,Enterprise,1-Year Fixed,Credit Card,44,1660.27,74213.65,481,254,3,1,8,2,93.3,1,0,0,1,0
AC-2138,Zenith Data,Financial Services,SMB,2-Year Fixed,Credit Card,20,286.05,5856.01,10,7,4,1,10,10,59.1,1,0,1,1,0
AC-2139,Nexus Solutions,Healthcare,Mid-Market,Month-to-Month,Auto-Invoice,36,1137.76,42747.17,74,27,5,0,5,2,65.7,1,15,0,0,0
AC-2140,Quantum Labs,E-Commerce,Mid-Market,Month-to-Month,Credit Card,7,906.97,6640.68,65,48,5,0,9,17,65.6,1,5,1,1,0
AC-2141,Velocity Systems,Enterprise Tech,Mid-Market,Month-to-Month,Auto-Invoice,32,1027.36,34417.28,30,15,4,0,7,15,87.7,1,0,1,1,1
AC-2142,Nexus Logistics,Healthcare,SMB,3-Year Enterprise,Auto-Invoice,67,425.3,28853.12,17,5,5,3,8,0,100.0,1,5,1,0,0
AC-2143,Quantum Corp,E-Commerce,Enterprise,1-Year Fixed,Auto-Invoice,39,3971.13,153088.55,99,68,1,0,9,9,70.9,1,10,1,1,0
AC-2144,Solstice Networks,Enterprise Tech,Enterprise,2-Year Fixed,ACH Direct Debit,24,3701.8,85584.02,289,204,4,0,6,1,65.2,1,15,1,1,0
AC-2145,Titan Data,Logistics,Mid-Market,1-Year Fixed,Auto-Invoice,70,732.56,50692.3,38,23,7,2,10,1,47.8,1,20,1,0,0
AC-2146,Solstice Solutions,Healthcare,SMB,Month-to-Month,Auto-Invoice,54,631.79,35627.88,24,8,2,0,10,3,42.0,1,10,1,1,0
AC-2147,Synergy Labs,Professional Services,SMB,Month-to-Month,Auto-Invoice,38,213.28,8420.56,21,19,1,2,6,5,36.1,1,5,0,1,0
AC-2148,Omni Technologies,Enterprise Tech,Enterprise,Month-to-Month,Auto-Invoice,32,4653.21,149255.02,401,292,2,1,5,2,53.7,0,0,1,1,1
AC-2149,Zenith Health,Financial Services,SMB,1-Year Fixed,Credit Card,45,648.5,29290.5,17,6,4,1,7,5,30.4,1,0,1,1,0
AC-2150,Solstice Technologies,E-Commerce,SMB,Month-to-Month,Auto-Invoice,61,466.78,27929.51,17,11,3,0,8,1,87.4,1,10,1,1,0
AC-2151,Crest Capital,Financial Services,Enterprise,Month-to-Month,Auto-Invoice,70,3669.98,255729.91,376,244,4,0,9,0,75.6,1,5,1,1,0
AC-2152,Synergy Health,E-Commerce,Mid-Market,2-Year Fixed,Credit Card,53,1538.28,83277.21,70,24,2,0,5,5,63.5,0,10,1,1,1
AC-2153,Starlight Solutions,Logistics,Mid-Market,3-Year Enterprise,Auto-Invoice,51,1625.88,82110.84,54,39,5,1,8,4,88.0,0,0,1,0,0
AC-2154,Synergy Technologies,Enterprise Tech,SMB,Month-to-Month,ACH Direct Debit,56,237.46,12882.85,18,16,1,1,4,7,48.7,0,5,1,1,1
AC-2155,Apex Cloud,Healthcare,Enterprise,Month-to-Month,Credit Card,27,4209.0,114107.34,136,112,4,0,8,6,53.2,0,0,1,1,1
AC-2156,Acme Health,Healthcare,SMB,Month-to-Month,Auto-Invoice,38,746.95,27604.49,21,9,4,0,7,14,33.2,0,15,1,0,1
AC-2157,Crest Solutions,Financial Services,Mid-Market,1-Year Fixed,Credit Card,62,695.1,45140.2,15,14,4,2,10,3,81.9,1,0,0,0,0
AC-2158,Nexus Labs,Professional Services,Mid-Market,2-Year Fixed,Auto-Invoice,18,1542.43,27459.28,66,36,4,0,4,0,53.4,1,10,1,1,0
AC-2159,Omni Systems,Logistics,Mid-Market,Month-to-Month,Credit Card,64,1996.09,132983.22,38,37,2,1,10,6,68.3,1,0,1,1,0
AC-2160,Quantum Data,E-Commerce,Mid-Market,Month-to-Month,Credit Card,30,1692.27,49374.79,48,17,1,1,4,6,86.0,1,5,1,0,1
AC-2161,Quantum Corp,E-Commerce,SMB,2-Year Fixed,Auto-Invoice,49,589.05,27966.4,24,15,2,0,4,4,92.7,0,0,1,0,0
AC-2162,Zenith Networks,Healthcare,SMB,1-Year Fixed,Credit Card,41,606.8,25169.64,16,11,6,0,4,7,67.5,1,0,1,0,0
AC-2163,Velocity Cloud,Manufacturing,SMB,Month-to-Month,ACH Direct Debit,13,729.53,9748.85,13,6,2,1,8,2,74.9,1,0,1,1,0
AC-2164,Titan Global,E-Commerce,Enterprise,1-Year Fixed,Manual Wire,34,1756.19,60109.11,142,119,6,0,5,0,51.7,1,5,1,0,1
AC-2165,Hyperion Logistics,E-Commerce,Mid-Market,Month-to-Month,Credit Card,25,1409.13,34276.37,77,57,5,2,4,6,98.3,0,5,1,0,1
AC-2166,Zenith Logistics,Manufacturing,Enterprise,1-Year Fixed,Credit Card,66,1511.81,95168.59,441,138,2,2,8,1,65.0,1,15,1,0,0
AC-2167,Crest Health,Financial Services,Mid-Market,2-Year Fixed,Auto-Invoice,18,824.54,15017.28,44,32,3,0,8,3,69.4,0,0,1,1,0
AC-2168,Apex Labs,Logistics,Mid-Market,2-Year Fixed,Auto-Invoice,5,1601.64,7712.73,44,28,5,1,7,4,60.7,1,0,1,0,0
AC-2169,Starlight Capital,Enterprise Tech,Mid-Market,1-Year Fixed,Credit Card,19,1583.22,29609.44,36,16,2,1,7,3,89.6,1,10,1,0,0
AC-2170,Aegis Data,Financial Services,Mid-Market,3-Year Enterprise,Auto-Invoice,42,1953.73,83499.09,75,75,2,1,10,5,71.6,0,10,0,0,1
AC-2171,Apex Health,Financial Services,SMB,1-Year Fixed,Manual Wire,18,607.31,10492.16,9,8,3,1,8,0,81.7,0,0,1,0,0
AC-2172,Hyperion Corp,Professional Services,Enterprise,2-Year Fixed,Auto-Invoice,32,4511.91,138999.34,406,205,2,0,9,28,74.4,1,10,1,0,1
AC-2173,Crest Health,Manufacturing,Mid-Market,1-Year Fixed,Auto-Invoice,21,1207.69,24249.81,41,28,6,1,8,7,64.0,1,15,1,1,0
AC-2174,Aegis Labs,E-Commerce,Mid-Market,2-Year Fixed,Auto-Invoice,10,1381.86,14504.11,49,26,4,1,5,3,84.7,1,5,1,1,0
AC-2175,Velocity Labs,E-Commerce,Enterprise,3-Year Enterprise,ACH Direct Debit,37,4603.03,168388.89,194,164,4,1,8,1,74.2,0,5,1,0,0
AC-2176,Crest Labs,Healthcare,Enterprise,Month-to-Month,Credit Card,49,2909.45,148348.19,379,361,3,0,6,0,50.7,0,0,1,1,1
AC-2177,Apex Systems,Professional Services,SMB,3-Year Enterprise,Credit Card,13,275.67,3509.74,14,8,6,0,7,6,50.2,0,0,1,1,1
AC-2178,Quantum Data,Healthcare,SMB,2-Year Fixed,Auto-Invoice,55,462.38,26074.82,8,7,3,0,8,2,70.7,1,25,1,0,0
AC-2179,Quantum Data,Financial Services,SMB,2-Year Fixed,ACH Direct Debit,17,639.26,10562.12,17,11,4,1,3,1,84.3,0,0,1,0,0
AC-2180,Velocity Technologies,Enterprise Tech,SMB,Month-to-Month,Auto-Invoice,9,610.03,5489.35,23,13,3,0,4,2,97.5,0,0,0,1,0
AC-2181,Crest Cloud,Logistics,Enterprise,2-Year Fixed,ACH Direct Debit,44,4141.7,188150.43,275,263,1,0,9,5,36.0,1,25,1,1,0
AC-2182,Zenith Corp,E-Commerce,Mid-Market,2-Year Fixed,Credit Card,46,1421.29,67447.51,36,24,3,3,6,6,68.5,1,10,1,0,0
AC-2183,Vortex Solutions,Financial Services,Mid-Market,Month-to-Month,Auto-Invoice,8,1873.32,15427.59,33,21,5,1,6,6,76.8,1,10,1,0,0
AC-2184,Acme Labs,Enterprise Tech,Mid-Market,3-Year Enterprise,Credit Card,37,863.88,32998.33,45,35,1,0,8,12,73.3,1,10,1,1,0
AC-2185,Starlight Logistics,Logistics,Mid-Market,Month-to-Month,Credit Card,19,1728.33,31890.79,34,16,7,1,6,1,86.2,1,10,1,1,0
AC-2186,Zenith Systems,Enterprise Tech,Mid-Market,Month-to-Month,Auto-Invoice,63,782.87,49233.1,33,17,2,0,8,6,79.8,1,15,1,1,0
AC-2187,Synergy Global,E-Commerce,Mid-Market,1-Year Fixed,ACH Direct Debit,46,939.13,43134.62,16,15,3,0,7,0,50.3,1,0,0,1,0
AC-2188,Hyperion Labs,Professional Services,Mid-Market,1-Year Fixed,Credit Card,71,940.68,69396.38,54,42,7,0,8,4,49.7,1,5,1,0,0
AC-2189,Omni Cloud,Financial Services,Enterprise,1-Year Fixed,Auto-Invoice,26,3317.45,84501.82,74,65,1,0,6,5,73.6,1,0,1,0,0
AC-2190,Omni Systems,Enterprise Tech,Mid-Market,Month-to-Month,Auto-Invoice,46,878.62,42160.48,68,33,2,1,8,1,85.8,1,0,1,1,0
AC-2191,Apex Global,E-Commerce,Mid-Market,3-Year Enterprise,Credit Card,46,1701.75,77895.33,41,28,4,2,10,3,70.6,1,5,0,1,0
AC-2192,Solstice Data,Logistics,Mid-Market,Month-to-Month,Credit Card,14,1246.53,17747.72,26,25,3,2,6,10,39.6,1,10,1,0,1
AC-2193,Titan Corp,Healthcare,Enterprise,Month-to-Month,Credit Card,63,2600.93,160071.54,381,199,5,0,9,0,49.2,1,0,0,1,0
AC-2194,Omni Solutions,Professional Services,Mid-Market,Month-to-Month,Credit Card,72,1774.73,126634.34,24,10,6,1,7,3,80.4,1,5,1,1,0
AC-2195,Quantum Cloud,Enterprise Tech,Enterprise,1-Year Fixed,Credit Card,3,1984.97,6079.84,350,230,1,0,9,16,61.7,1,10,0,0,0
AC-2196,Aegis Solutions,Healthcare,Mid-Market,3-Year Enterprise,Manual Wire,28,1819.02,50997.48,44,25,6,0,7,4,70.1,0,10,1,1,0
AC-2197,Acme Solutions,E-Commerce,SMB,1-Year Fixed,Credit Card,29,668.26,20214.23,7,3,4,2,7,7,87.2,1,15,1,1,0
AC-2198,Zenith Health,Manufacturing,Mid-Market,2-Year Fixed,ACH Direct Debit,18,1781.11,32820.2,39,36,5,2,8,10,46.4,1,15,1,1,0
AC-2199,Synergy Capital,Enterprise Tech,Enterprise,Month-to-Month,Auto-Invoice,35,2446.48,86178.26,189,188,2,0,10,1,60.5,1,20,1,1,0
AC-2200,Velocity Cloud,Logistics,Mid-Market,1-Year Fixed,Auto-Invoice,47,736.78,35967.65,65,45,4,0,8,1,58.6,0,10,1,0,0
AC-2201,Vortex Networks,Healthcare,Mid-Market,1-Year Fixed,Auto-Invoice,5,1462.3,7432.55,41,35,4,1,8,8,74.4,1,10,1,1,0
AC-2202,Crest Technologies,Financial Services,SMB,1-Year Fixed,Credit Card,59,233.21,13962.09,24,22,5,0,6,8,81.9,0,15,0,1,0
AC-2203,Starlight Networks,Enterprise Tech,Mid-Market,Month-to-Month,ACH Direct Debit,59,1197.02,68832.95,57,45,4,1,10,0,41.4,1,15,1,0,1
AC-2204,Solstice Corp,Manufacturing,Mid-Market,1-Year Fixed,Auto-Invoice,47,1337.45,62199.22,69,23,3,1,9,2,67.9,0,10,0,1,0
AC-2205,Vortex Logistics,Enterprise Tech,Mid-Market,1-Year Fixed,Auto-Invoice,13,1105.94,14640.76,20,8,1,1,7,3,83.6,1,5,0,0,0
AC-2206,Crest Networks,Financial Services,Enterprise,2-Year Fixed,ACH Direct Debit,33,4382.46,150287.32,417,146,5,0,7,10,34.6,1,0,1,0,0
AC-2207,Quantum Solutions,Financial Services,Enterprise,1-Year Fixed,Auto-Invoice,62,2249.59,136901.94,146,45,5,2,9,3,66.8,1,15,1,1,1
AC-2208,Omni Systems,Manufacturing,Mid-Market,Month-to-Month,Credit Card,16,1957.85,30434.34,16,8,2,1,6,16,46.1,1,15,0,0,1
AC-2209,Synergy Capital,E-Commerce,Mid-Market,1-Year Fixed,Credit Card,44,1894.59,84143.03,65,37,3,2,3,34,56.5,0,15,1,1,1
AC-2210,Zenith Technologies,Logistics,Mid-Market,Month-to-Month,ACH Direct Debit,58,1909.38,105951.01,75,35,3,1,7,9,22.9,0,0,1,1,1
AC-2211,Omni Technologies,Financial Services,Enterprise,2-Year Fixed,Auto-Invoice,6,2164.13,13263.36,383,132,1,2,10,6,93.1,1,5,1,0,0
AC-2212,Velocity Solutions,E-Commerce,Enterprise,1-Year Fixed,Auto-Invoice,15,2439.43,37334.76,458,307,3,0,10,3,61.6,0,5,1,1,1
AC-2213,Apex Networks,Healthcare,Mid-Market,Month-to-Month,Credit Card,4,1935.78,7630.82,65,32,2,0,7,0,53.5,1,15,0,1,1
AC-2214,Synergy Logistics,Logistics,Enterprise,3-Year Enterprise,Manual Wire,56,3052.15,177632.06,393,337,3,1,7,5,73.9,1,15,1,1,0
AC-2215,Aegis Logistics,Manufacturing,Mid-Market,1-Year Fixed,Credit Card,64,1706.34,109229.58,34,10,2,0,8,2,49.2,0,0,0,1,0
AC-2216,Solstice Solutions,Enterprise Tech,Enterprise,Month-to-Month,Auto-Invoice,68,3554.67,245240.95,103,92,4,0,7,2,47.5,0,10,0,1,0
AC-2217,Vortex Systems,E-Commerce,Mid-Market,1-Year Fixed,Credit Card,34,1390.07,45889.78,68,66,3,0,8,7,95.2,0,0,1,0,0
AC-2218,Titan Capital,Enterprise Tech,SMB,Month-to-Month,Manual Wire,56,674.62,37466.44,10,8,3,1,7,3,100.0,1,5,1,0,0
AC-2219,Velocity Capital,Healthcare,Enterprise,2-Year Fixed,ACH Direct Debit,32,2017.14,66887.83,285,232,2,0,9,8,57.3,0,5,1,1,0
AC-2220,Apex Data,Financial Services,Mid-Market,2-Year Fixed,Manual Wire,9,1477.03,12911.67,49,47,3,2,9,3,87.2,0,15,1,0,0
AC-2221,Aegis Capital,Financial Services,Enterprise,3-Year Enterprise,Auto-Invoice,63,3478.11,216723.19,469,209,5,0,9,1,74.4,1,15,1,1,0
AC-2222,Acme Corp,Financial Services,Mid-Market,1-Year Fixed,Auto-Invoice,72,1590.44,112428.44,71,71,3,1,7,3,42.6,1,5,1,1,0
AC-2223,Apex Systems,E-Commerce,Mid-Market,1-Year Fixed,Credit Card,33,1271.27,40488.25,64,54,4,1,10,18,51.3,1,5,1,0,0
AC-2224,Nexus Labs,Financial Services,Mid-Market,2-Year Fixed,ACH Direct Debit,21,1418.45,29161.07,63,51,3,0,8,9,95.9,1,10,0,0,0
AC-2225,Omni Health,E-Commerce,Mid-Market,Month-to-Month,Auto-Invoice,55,1984.15,106212.04,35,19,3,0,8,1,42.3,0,5,1,0,0
AC-2226,Titan Data,Financial Services,SMB,1-Year Fixed,Auto-Invoice,57,591.25,35128.81,24,16,4,0,6,3,100.0,0,25,1,1,0
AC-2227,Vortex Solutions,Enterprise Tech,Enterprise,1-Year Fixed,ACH Direct Debit,2,2642.38,5412.16,414,314,5,5,7,16,57.7,0,15,1,1,0
AC-2228,Hyperion Health,Logistics,Enterprise,Month-to-Month,Auto-Invoice,13,2616.34,33386.94,277,203,0,1,7,0,96.5,1,0,1,0,0
AC-2229,Apex Health,Financial Services,SMB,1-Year Fixed,Auto-Invoice,4,576.94,2368.53,22,17,1,0,6,1,62.5,0,5,1,0,0
AC-2230,Acme Health,Financial Services,Mid-Market,2-Year Fixed,Credit Card,50,1602.92,76316.14,20,7,4,2,7,1,82.4,1,0,0,0,0
AC-2231,Omni Health,E-Commerce,SMB,2-Year Fixed,Credit Card,48,522.32,25137.86,15,8,5,1,7,5,93.1,1,5,1,0,0
AC-2232,Aegis Corp,Financial Services,Mid-Market,Month-to-Month,ACH Direct Debit,30,1263.82,36968.0,16,10,4,2,7,3,93.0,1,10,1,1,0
AC-2233,Vortex Technologies,Enterprise Tech,SMB,Month-to-Month,Auto-Invoice,29,533.52,14875.36,21,10,6,2,3,0,57.5,0,0,1,1,1
AC-2234,Solstice Corp,Financial Services,Mid-Market,Month-to-Month,Credit Card,8,646.56,5370.98,49,21,5,1,7,6,52.6,1,15,1,0,0
AC-2235,Hyperion Global,Professional Services,Mid-Market,2-Year Fixed,Credit Card,12,937.49,10911.64,53,21,4,0,6,0,66.5,1,10,1,1,0
AC-2236,Hyperion Solutions,E-Commerce,SMB,Month-to-Month,Credit Card,41,683.59,28930.76,11,6,4,1,7,5,44.6,1,25,0,0,0
AC-2237,Vortex Health,E-Commerce,Mid-Market,2-Year Fixed,Credit Card,26,1841.02,47451.15,51,33,4,1,9,4,72.3,1,0,1,0,1
AC-2238,Synergy Global,E-Commerce,Enterprise,Month-to-Month,Auto-Invoice,50,2301.91,109505.21,268,92,4,1,10,4,53.2,1,15,1,0,1
AC-2239,Zenith Cloud,Enterprise Tech,Enterprise,1-Year Fixed,Auto-Invoice,2,4125.02,8441.88,258,248,1,1,9,0,87.5,1,15,1,1,0
AC-2240,Apex Capital,Financial Services,Enterprise,1-Year Fixed,Auto-Invoice,55,1663.76,92388.56,430,359,7,2,5,6,57.7,0,0,0,1,0
AC-2241,Solstice Technologies,Logistics,Enterprise,2-Year Fixed,Auto-Invoice,56,4321.79,238248.88,136,110,3,0,6,3,36.6,0,5,1,0,1
AC-2242,Synergy Health,Enterprise Tech,Mid-Market,Month-to-Month,Credit Card,14,608.52,8333.17,15,6,4,0,8,3,93.2,1,15,1,0,0
AC-2243,Omni Systems,Financial Services,Mid-Market,1-Year Fixed,ACH Direct Debit,6,1259.83,7236.73,27,20,4,0,8,5,71.3,1,5,1,0,0
AC-2244,Crest Logistics,Financial Services,Mid-Market,Month-to-Month,ACH Direct Debit,61,766.42,48815.36,60,40,3,1,9,5,68.5,1,5,1,0,0
AC-2245,Synergy Labs,Financial Services,Mid-Market,2-Year Fixed,ACH Direct Debit,12,1789.53,21461.44,61,60,2,1,7,0,87.7,1,20,1,1,0
AC-2246,Nexus Data,Professional Services,Mid-Market,2-Year Fixed,Auto-Invoice,13,1941.83,24197.5,21,17,1,1,6,0,83.7,1,0,0,0,1
AC-2247,Zenith Health,Enterprise Tech,Enterprise,Month-to-Month,Credit Card,19,1970.98,38829.27,496,349,7,1,10,1,54.3,0,5,1,1,0
AC-2248,Apex Systems,Healthcare,Enterprise,2-Year Fixed,Auto-Invoice,44,2521.49,108491.81,349,313,3,0,7,6,59.9,1,10,1,0,0
AC-2249,Apex Global,Enterprise Tech,Enterprise,1-Year Fixed,Auto-Invoice,59,3378.05,193397.61,457,187,4,0,5,5,48.0,1,10,0,1,0
AC-2250,Crest Technologies,Professional Services,Mid-Market,Month-to-Month,Auto-Invoice,37,1439.59,52098.0,40,12,3,0,10,8,41.6,1,0,1,1,1
AC-2251,Titan Cloud,Enterprise Tech,Enterprise,1-Year Fixed,Credit Card,25,3140.56,79020.98,424,332,3,1,4,8,78.4,0,10,1,1,0
AC-2252,Nexus Capital,Financial Services,Enterprise,Month-to-Month,Manual Wire,16,4170.83,63890.82,282,104,2,0,1,11,75.1,1,10,0,0,1
AC-2253,Solstice Logistics,E-Commerce,Mid-Market,2-Year Fixed,Auto-Invoice,38,690.05,26174.06,40,15,3,2,9,2,81.7,0,10,1,0,0
AC-2254,Vortex Health,E-Commerce,SMB,2-Year Fixed,Auto-Invoice,43,762.82,34099.35,10,8,2,0,9,2,91.1,0,10,1,0,0
AC-2255,Nexus Labs,Financial Services,Enterprise,Month-to-Month,ACH Direct Debit,14,4296.75,58278.71,175,86,1,0,8,10,81.9,1,0,0,1,1
AC-2256,Titan Capital,Financial Services,Mid-Market,1-Year Fixed,Auto-Invoice,6,1244.74,7342.36,58,43,4,1,4,1,83.5,1,15,1,0,1
AC-2257,Vortex Technologies,Financial Services,Mid-Market,2-Year Fixed,ACH Direct Debit,23,1272.87,28971.9,52,49,2,1,7,3,30.6,1,5,1,0,0
AC-2258,Crest Labs,Financial Services,SMB,3-Year Enterprise,ACH Direct Debit,60,422.53,25570.39,12,6,7,1,7,1,62.5,1,25,0,1,0
AC-2259,Zenith Logistics,Enterprise Tech,SMB,1-Year Fixed,Manual Wire,12,638.28,7980.48,10,5,3,1,6,15,85.4,0,0,0,0,1
AC-2260,Acme Data,Healthcare,Enterprise,3-Year Enterprise,Credit Card,13,2446.43,31468.19,429,161,2,0,10,3,47.0,0,5,1,1,0
AC-2261,Omni Solutions,Financial Services,Enterprise,1-Year Fixed,Credit Card,6,4698.52,26976.51,235,92,4,0,5,1,69.7,1,0,1,1,0
AC-2262,Omni Data,Financial Services,SMB,1-Year Fixed,Credit Card,63,565.83,35105.28,23,8,3,1,8,7,77.4,0,10,1,1,0
AC-2263,Starlight Cloud,E-Commerce,Mid-Market,2-Year Fixed,Credit Card,38,734.34,27040.11,54,20,3,0,10,1,76.0,1,0,1,1,0
AC-2264,Synergy Technologies,Professional Services,Mid-Market,1-Year Fixed,Credit Card,50,1162.81,59022.92,27,16,8,2,8,17,74.6,1,10,1,0,0
AC-2265,Solstice Solutions,E-Commerce,Mid-Market,1-Year Fixed,Auto-Invoice,52,1940.24,96143.09,31,16,4,0,10,2,78.8,0,15,1,0,0
AC-2266,Crest Cloud,Enterprise Tech,Mid-Market,1-Year Fixed,Credit Card,40,1993.77,78091.42,29,23,2,0,8,6,71.3,1,0,1,0,0
AC-2267,Aegis Labs,Enterprise Tech,SMB,2-Year Fixed,Credit Card,8,660.63,5308.91,16,15,7,0,8,2,41.7,0,0,0,0,0
AC-2268,Synergy Cloud,Professional Services,SMB,2-Year Fixed,ACH Direct Debit,61,737.34,43976.24,24,20,3,1,8,10,77.1,1,15,1,0,0
AC-2269,Synergy Labs,Financial Services,Mid-Market,1-Year Fixed,ACH Direct Debit,8,742.65,5971.5,27,18,4,1,8,13,73.1,1,5,1,1,0
AC-2270,Crest Health,Enterprise Tech,Enterprise,Month-to-Month,Credit Card,34,4354.48,142348.05,373,139,8,0,6,9,41.9,1,5,1,0,1
AC-2271,Starlight Cloud,Healthcare,SMB,1-Year Fixed,Auto-Invoice,60,582.37,36489.46,20,16,6,0,4,11,92.8,1,0,0,0,0
AC-2272,Nexus Corp,E-Commerce,Enterprise,1-Year Fixed,ACH Direct Debit,57,4636.13,258733.93,299,166,4,3,9,0,77.6,0,5,1,1,0
AC-2273,Omni Technologies,E-Commerce,Enterprise,Month-to-Month,Credit Card,46,1738.99,83377.27,342,123,5,0,10,15,43.2,0,0,1,0,0
AC-2274,Nexus Solutions,Financial Services,SMB,2-Year Fixed,ACH Direct Debit,22,323.34,6989.59,8,7,3,0,8,6,53.3,1,10,1,0,0
AC-2275,Solstice Corp,Enterprise Tech,Enterprise,1-Year Fixed,Manual Wire,40,2138.69,87958.68,73,39,1,1,6,12,57.8,1,5,1,0,0
AC-2276,Omni Corp,Professional Services,Enterprise,Month-to-Month,Auto-Invoice,45,3327.67,145944.43,349,158,1,0,4,7,57.8,0,15,1,1,0
AC-2277,Solstice Cloud,Financial Services,Enterprise,Month-to-Month,ACH Direct Debit,55,2763.22,154557.2,132,120,1,0,7,1,73.3,1,5,1,1,0
AC-2278,Zenith Data,E-Commerce,SMB,Month-to-Month,Auto-Invoice,51,621.33,31129.22,13,12,4,1,4,5,50.4,1,5,1,1,0
AC-2279,Nexus Capital,E-Commerce,Mid-Market,3-Year Enterprise,Auto-Invoice,5,940.04,4704.5,53,28,4,0,4,0,88.3,1,0,1,0,1
AC-2280,Titan Corp,E-Commerce,Mid-Market,Month-to-Month,Credit Card,13,1628.14,21533.71,51,28,1,0,7,7,86.8,0,20,1,1,0
AC-2281,Solstice Solutions,Financial Services,Enterprise,Month-to-Month,Auto-Invoice,28,2406.63,67984.58,413,291,1,0,6,3,79.1,1,5,1,0,1
AC-2282,Vortex Systems,Financial Services,SMB,1-Year Fixed,ACH Direct Debit,62,638.32,39877.73,10,8,2,1,8,1,68.8,0,0,1,1,0
AC-2283,Zenith Corp,Healthcare,SMB,Month-to-Month,Auto-Invoice,24,366.07,8404.1,13,4,5,0,7,23,84.9,1,0,0,1,0
AC-2284,Titan Health,Manufacturing,Mid-Market,Month-to-Month,Auto-Invoice,7,743.36,5072.95,28,20,3,1,6,14,63.0,0,0,1,1,1
AC-2285,Solstice Cloud,Professional Services,Mid-Market,Month-to-Month,Credit Card,38,1632.24,62470.7,78,75,3,0,4,13,55.0,1,0,1,1,1
AC-2286,Synergy Data,Enterprise Tech,Enterprise,1-Year Fixed,ACH Direct Debit,37,2642.17,93051.35,389,188,4,2,5,9,89.4,1,5,1,0,0
AC-2287,Titan Networks,Enterprise Tech,SMB,1-Year Fixed,Manual Wire,68,285.69,18942.5,11,10,3,0,5,7,73.7,1,5,1,0,0
AC-2288,Zenith Networks,Professional Services,Mid-Market,1-Year Fixed,ACH Direct Debit,42,1799.31,73524.45,16,15,3,1,5,6,55.7,1,20,1,1,0
AC-2289,Velocity Capital,E-Commerce,SMB,1-Year Fixed,Credit Card,5,611.55,2981.26,10,5,1,1,7,0,60.5,0,0,0,0,1
AC-2290,Apex Logistics,Manufacturing,Mid-Market,3-Year Enterprise,Auto-Invoice,64,1325.2,85114.81,67,55,5,1,5,14,54.7,1,15,1,1,0
AC-2291,Zenith Logistics,Enterprise Tech,SMB,1-Year Fixed,Auto-Invoice,50,322.33,16248.59,24,11,9,1,7,13,100.0,1,5,1,1,0
AC-2292,Quantum Corp,Healthcare,SMB,Month-to-Month,Auto-Invoice,15,741.7,11580.53,21,17,4,0,8,8,68.1,0,0,1,1,0
AC-2293,Starlight Corp,E-Commerce,Mid-Market,Month-to-Month,Credit Card,53,1560.5,81763.9,22,19,3,2,5,16,70.8,1,20,0,1,0
AC-2294,Hyperion Networks,E-Commerce,SMB,1-Year Fixed,Credit Card,25,452.64,11798.72,23,11,0,0,8,4,81.0,1,15,1,0,0
AC-2295,Hyperion Systems,Financial Services,Mid-Market,2-Year Fixed,Credit Card,9,1131.02,10333.86,79,63,3,1,4,3,46.1,1,10,1,0,0
AC-2296,Crest Capital,Enterprise Tech,Enterprise,Month-to-Month,ACH Direct Debit,38,3920.42,155123.61,300,261,3,1,5,21,87.7,1,10,0,0,1
AC-2297,Zenith Logistics,Healthcare,Mid-Market,2-Year Fixed,Credit Card,22,1325.07,30123.66,24,13,7,0,7,3,57.1,0,25,0,0,1
AC-2298,Velocity Cloud,Financial Services,Mid-Market,Month-to-Month,Auto-Invoice,49,1586.14,79178.77,64,27,4,2,9,6,100.0,1,10,1,1,0
AC-2299,Zenith Networks,Healthcare,Mid-Market,1-Year Fixed,Auto-Invoice,68,1846.56,123759.26,37,13,2,1,9,2,62.4,1,0,1,0,0
AC-2300,Hyperion Technologies,Professional Services,Enterprise,2-Year Fixed,ACH Direct Debit,15,4215.08,61589.34,255,179,6,2,10,6,86.7,0,0,1,1,0
AC-2301,Omni Technologies,Financial Services,Mid-Market,Month-to-Month,ACH Direct Debit,65,988.8,62487.75,61,60,1,0,6,7,23.1,1,10,1,0,0
AC-2302,Crest Health,Logistics,Mid-Market,1-Year Fixed,ACH Direct Debit,54,863.05,48712.04,17,15,2,0,7,6,46.8,1,10,0,1,0
AC-2303,Titan Health,Enterprise Tech,Mid-Market,Month-to-Month,Auto-Invoice,30,965.8,30302.67,31,19,4,0,5,4,62.7,0,10,1,1,1
AC-2304,Velocity Logistics,E-Commerce,Mid-Market,2-Year Fixed,Manual Wire,20,1651.92,33781.21,36,24,1,0,5,2,31.4,1,0,1,1,0
AC-2305,Quantum Logistics,Professional Services,Mid-Market,Month-to-Month,Auto-Invoice,33,1118.08,38312.72,30,15,1,1,8,6,78.8,1,20,1,1,0
AC-2306,Acme Logistics,Enterprise Tech,Enterprise,2-Year Fixed,Auto-Invoice,7,2342.85,17087.1,61,25,5,1,6,14,73.6,1,10,1,1,1
AC-2307,Quantum Capital,Enterprise Tech,Mid-Market,Month-to-Month,Manual Wire,8,737.74,5908.74,66,42,3,1,10,0,50.2,0,10,1,1,1
AC-2308,Apex Logistics,Financial Services,Enterprise,2-Year Fixed,Auto-Invoice,28,4618.62,130990.38,379,237,2,0,4,0,67.7,1,0,1,1,0
AC-2309,Aegis Labs,Enterprise Tech,Enterprise,1-Year Fixed,Credit Card,45,1659.3,74061.85,193,128,4,1,8,0,82.5,0,20,1,1,1
AC-2310,Starlight Solutions,E-Commerce,SMB,2-Year Fixed,Auto-Invoice,11,588.55,6421.28,8,8,1,1,5,15,30.1,1,10,1,1,0
AC-2311,Quantum Global,Manufacturing,SMB,Month-to-Month,Credit Card,31,202.17,5977.99,14,10,4,1,5,6,45.1,1,10,1,1,0
AC-2312,Starlight Data,Financial Services,Mid-Market,3-Year Enterprise,Manual Wire,12,627.62,7481.6,60,43,1,1,8,18,62.0,1,20,1,0,0
AC-2313,Synergy Logistics,Financial Services,SMB,Month-to-Month,Auto-Invoice,51,496.33,25751.98,22,9,2,0,6,5,68.4,1,20,1,1,0
AC-2314,Acme Solutions,Financial Services,SMB,Month-to-Month,Credit Card,44,571.21,24937.16,12,12,6,1,6,3,66.9,1,0,0,0,0
AC-2315,Nexus Corp,E-Commerce,SMB,1-Year Fixed,Auto-Invoice,50,239.35,12413.18,18,15,4,0,5,9,84.0,1,20,1,0,0
AC-2316,Titan Systems,Enterprise Tech,Enterprise,Month-to-Month,Credit Card,17,2389.39,39939.51,258,236,1,2,10,1,76.6,1,10,1,0,1
AC-2317,Synergy Solutions,Healthcare,SMB,Month-to-Month,Auto-Invoice,35,526.12,17737.81,12,7,4,1,6,2,80.5,1,0,0,0,1
AC-2318,Omni Systems,E-Commerce,Mid-Market,3-Year Enterprise,Auto-Invoice,1,1586.96,1636.4,56,36,5,0,7,3,43.0,1,0,0,0,0
AC-2319,Nexus Data,E-Commerce,Mid-Market,3-Year Enterprise,Auto-Invoice,29,1104.18,32578.22,23,15,2,3,7,2,70.6,1,5,1,1,0
AC-2320,Vortex Systems,Enterprise Tech,Enterprise,1-Year Fixed,Auto-Invoice,51,2901.28,144145.1,429,187,5,1,8,2,62.5,1,10,1,1,1
AC-2321,Synergy Labs,E-Commerce,Mid-Market,3-Year Enterprise,Manual Wire,64,820.96,52732.96,71,56,6,0,6,0,94.3,1,10,1,0,0
AC-2322,Apex Technologies,Enterprise Tech,Enterprise,1-Year Fixed,Auto-Invoice,4,1567.62,6208.94,172,160,3,1,7,1,71.1,1,0,1,1,0
AC-2323,Omni Global,Enterprise Tech,Enterprise,Month-to-Month,Auto-Invoice,28,1555.46,45464.24,165,68,5,0,8,2,56.0,0,15,1,0,0
AC-2324,Crest Networks,Manufacturing,Mid-Market,2-Year Fixed,Credit Card,16,1857.36,30036.73,68,25,4,0,5,9,83.3,1,15,1,0,0
AC-2325,Aegis Logistics,E-Commerce,SMB,1-Year Fixed,Auto-Invoice,63,408.18,24836.88,21,17,4,0,9,1,78.1,1,10,1,1,0
AC-2326,Acme Health,Enterprise Tech,SMB,3-Year Enterprise,ACH Direct Debit,53,325.03,17230.29,21,10,6,1,10,2,53.2,1,20,1,1,0
AC-2327,Solstice Health,Enterprise Tech,Mid-Market,Month-to-Month,Manual Wire,17,1191.02,20981.42,21,15,3,1,8,0,61.7,1,15,1,0,0
AC-2328,Vortex Global,Enterprise Tech,SMB,1-Year Fixed,Credit Card,40,231.2,9406.6,18,14,6,2,7,5,62.0,0,0,1,0,0
AC-2329,Synergy Labs,Financial Services,SMB,Month-to-Month,ACH Direct Debit,13,380.22,5112.13,18,9,3,1,1,5,90.1,0,15,0,0,1
AC-2330,Vortex Global,Enterprise Tech,SMB,Month-to-Month,Credit Card,52,516.27,26175.96,17,15,1,1,8,12,71.7,1,20,0,1,1
AC-2331,Titan Technologies,Enterprise Tech,Enterprise,Month-to-Month,Auto-Invoice,58,3556.39,214281.17,287,197,3,1,6,10,81.1,0,0,1,0,0
AC-2332,Zenith Networks,Healthcare,Mid-Market,3-Year Enterprise,Credit Card,37,1822.54,69157.67,64,58,1,0,7,2,59.1,0,25,1,1,0
AC-2333,Acme Systems,E-Commerce,SMB,2-Year Fixed,Credit Card,61,433.26,27033.85,21,18,1,1,3,0,74.0,1,0,1,1,0
AC-2334,Aegis Networks,E-Commerce,Mid-Market,2-Year Fixed,Credit Card,34,1778.15,59529.33,32,29,6,1,8,1,91.5,1,5,1,1,0
AC-2335,Quantum Data,E-Commerce,Mid-Market,1-Year Fixed,ACH Direct Debit,70,1203.51,87511.55,30,9,6,1,4,21,61.5,1,15,1,1,0
AC-2336,Solstice Global,Enterprise Tech,Mid-Market,Month-to-Month,Credit Card,17,1161.87,20024.32,66,31,3,2,7,6,70.1,1,15,1,1,1
AC-2337,Starlight Logistics,Professional Services,Mid-Market,Month-to-Month,Manual Wire,20,639.65,13243.11,66,24,2,0,9,0,43.5,0,10,1,1,1
AC-2338,Hyperion Logistics,Logistics,Mid-Market,Month-to-Month,ACH Direct Debit,59,1573.39,91539.41,45,27,2,2,6,0,54.2,1,5,1,1,1
AC-2339,Synergy Corp,Logistics,Enterprise,1-Year Fixed,Credit Card,69,4663.27,310363.93,191,176,6,1,10,4,62.0,0,10,0,0,0
AC-2340,Quantum Labs,Logistics,Mid-Market,2-Year Fixed,Credit Card,33,1528.98,49610.37,56,35,4,0,6,1,48.9,0,10,1,1,0
AC-2341,Apex Corp,Professional Services,SMB,1-Year Fixed,Auto-Invoice,17,220.6,3733.42,17,15,4,0,8,10,91.8,1,5,0,0,0
AC-2342,Nexus Health,Healthcare,SMB,Month-to-Month,Manual Wire,57,789.54,45154.13,12,6,5,1,4,5,52.9,0,10,1,1,1
AC-2343,Quantum Systems,Enterprise Tech,Enterprise,Month-to-Month,Credit Card,1,2868.5,2871.6,174,94,4,0,9,5,82.2,1,15,1,0,0
AC-2344,Aegis Technologies,E-Commerce,SMB,Month-to-Month,Auto-Invoice,13,547.78,7153.94,13,12,2,0,9,3,71.4,1,5,1,0,0
AC-2345,Acme Networks,E-Commerce,Mid-Market,1-Year Fixed,Auto-Invoice,27,1200.74,33527.79,56,33,4,2,8,1,68.6,0,5,1,0,0
AC-2346,Starlight Systems,E-Commerce,Mid-Market,3-Year Enterprise,Credit Card,70,1954.92,132329.92,59,50,6,1,6,5,94.8,1,0,1,1,0
AC-2347,Crest Solutions,Healthcare,SMB,1-Year Fixed,Auto-Invoice,59,367.66,21292.92,19,9,4,0,4,7,27.3,1,10,1,0,0
AC-2348,Crest Labs,Enterprise Tech,SMB,2-Year Fixed,Auto-Invoice,6,344.62,2148.07,8,8,4,0,6,2,64.5,1,0,1,0,1
AC-2349,Crest Cloud,Financial Services,SMB,1-Year Fixed,Credit Card,23,498.51,11535.05,24,17,2,0,10,4,48.6,1,5,1,0,0
AC-2350,Omni Capital,Manufacturing,Mid-Market,1-Year Fixed,Auto-Invoice,10,647.73,6531.31,78,65,2,0,7,11,32.7,0,0,1,0,0
AC-2351,Hyperion Capital,Healthcare,SMB,Month-to-Month,Credit Card,51,466.5,23739.31,16,6,6,1,4,0,46.5,1,0,1,1,0
AC-2352,Vortex Global,Healthcare,Enterprise,2-Year Fixed,Auto-Invoice,19,4129.14,78837.88,305,197,4,1,5,4,68.3,1,5,1,0,0
AC-2353,Hyperion Data,Financial Services,Mid-Market,2-Year Fixed,Auto-Invoice,51,1590.78,78680.31,21,20,3,1,10,2,54.9,1,5,1,0,0
AC-2354,Zenith Logistics,Financial Services,Mid-Market,Month-to-Month,Credit Card,68,1168.24,79812.63,74,68,5,1,8,7,84.1,1,5,1,1,0
AC-2355,Nexus Technologies,Manufacturing,Mid-Market,1-Year Fixed,Credit Card,42,643.59,28374.68,15,5,1,1,5,0,64.2,1,0,1,1,0
AC-2356,Hyperion Solutions,E-Commerce,Enterprise,1-Year Fixed,Auto-Invoice,57,3181.29,182531.19,331,170,3,0,3,6,62.2,0,20,1,1,0
AC-2357,Synergy Data,Logistics,SMB,1-Year Fixed,Auto-Invoice,68,670.84,43538.82,7,4,5,2,6,0,62.2,1,0,1,1,0
AC-2358,Vortex Technologies,Healthcare,Enterprise,3-Year Enterprise,Credit Card,38,3026.46,118414.65,213,90,2,1,3,0,66.2,1,15,1,0,1
AC-2359,Apex Global,E-Commerce,Enterprise,1-Year Fixed,Auto-Invoice,62,3484.57,213806.76,441,358,2,1,7,7,60.5,1,10,0,1,0
AC-2360,Vortex Networks,Enterprise Tech,Mid-Market,1-Year Fixed,Auto-Invoice,7,1357.36,9172.46,24,10,5,0,10,6,52.7,1,0,1,1,0
AC-2361,Solstice Corp,E-Commerce,Mid-Market,Month-to-Month,Auto-Invoice,71,1849.27,136057.99,75,41,3,0,4,13,85.8,1,5,0,1,0
AC-2362,Quantum Technologies,Financial Services,SMB,Month-to-Month,ACH Direct Debit,50,503.4,24409.8,5,4,2,0,7,4,56.8,0,25,1,1,0
AC-2363,Crest Logistics,Financial Services,Mid-Market,Month-to-Month,ACH Direct Debit,52,1607.98,87133.2,73,47,2,0,10,4,61.1,1,10,1,0,0
AC-2364,Starlight Labs,E-Commerce,Enterprise,Month-to-Month,ACH Direct Debit,26,1705.02,44072.5,398,325,6,2,9,7,75.7,1,0,1,0,0
AC-2365,Zenith Health,Professional Services,SMB,2-Year Fixed,ACH Direct Debit,26,532.58,14183.27,24,23,5,1,7,2,73.7,0,5,1,1,0
AC-2366,Synergy Logistics,Enterprise Tech,Mid-Market,2-Year Fixed,Credit Card,19,778.29,14857.01,69,26,7,0,7,0,51.9,0,5,0,0,0
AC-2367,Solstice Health,Logistics,Enterprise,Month-to-Month,Credit Card,9,4409.65,38720.98,376,300,0,0,5,1,81.6,1,15,1,1,0
AC-2368,Synergy Data,Financial Services,Mid-Market,2-Year Fixed,Credit Card,61,1336.19,82902.1,15,7,2,0,7,1,77.7,1,20,1,1,0
AC-2369,Apex Data,Financial Services,Mid-Market,Month-to-Month,Auto-Invoice,20,1708.21,35728.62,70,41,1,1,8,2,71.2,1,0,1,0,0
AC-2370,Quantum Corp,Enterprise Tech,Mid-Market,Month-to-Month,Credit Card,50,761.41,39097.02,24,8,4,2,10,17,60.2,0,5,1,0,1
AC-2371,Nexus Networks,Financial Services,Mid-Market,Month-to-Month,ACH Direct Debit,22,1898.7,42205.9,37,15,4,3,6,10,60.7,1,0,1,0,0
AC-2372,Crest Global,Healthcare,SMB,1-Year Fixed,Credit Card,13,316.6,4317.73,5,3,3,0,7,16,64.4,0,25,1,0,0
AC-2373,Quantum Technologies,Enterprise Tech,SMB,Month-to-Month,Auto-Invoice,12,296.97,3480.01,6,3,1,1,5,40,45.8,1,10,0,0,1
AC-2374,Omni Corp,Healthcare,Mid-Market,1-Year Fixed,Auto-Invoice,10,1823.86,17440.37,70,65,0,1,8,3,67.3,1,15,1,0,1
AC-2375,Quantum Capital,Manufacturing,Enterprise,1-Year Fixed,Credit Card,65,2589.37,160434.39,213,175,7,0,9,1,84.1,1,5,1,0,0
AC-2376,Crest Systems,Enterprise Tech,SMB,3-Year Enterprise,Credit Card,30,274.51,8408.81,6,6,5,0,9,5,83.8,1,10,1,0,0
AC-2377,Acme Labs,Logistics,Mid-Market,Month-to-Month,ACH Direct Debit,8,969.94,8015.76,77,55,3,1,5,13,61.1,1,0,0,0,1
AC-2378,Starlight Technologies,Financial Services,Mid-Market,Month-to-Month,Auto-Invoice,21,1873.94,39884.4,15,7,4,1,8,3,87.2,1,20,1,1,0
AC-2379,Hyperion Solutions,E-Commerce,Mid-Market,Month-to-Month,ACH Direct Debit,22,1881.83,43077.08,65,34,3,0,6,4,100.0,1,5,1,1,0
AC-2380,Quantum Networks,Financial Services,SMB,1-Year Fixed,Credit Card,18,223.47,4102.1,10,5,0,0,9,0,62.3,0,15,1,0,0
AC-2381,Apex Labs,Enterprise Tech,Mid-Market,Month-to-Month,ACH Direct Debit,66,1587.61,103430.09,35,18,3,1,7,3,80.4,1,0,1,0,0
AC-2382,Crest Technologies,Enterprise Tech,Enterprise,2-Year Fixed,Credit Card,48,4774.02,221848.9,72,56,3,3,4,3,27.3,0,10,1,1,1
AC-2383,Starlight Solutions,Enterprise Tech,Mid-Market,1-Year Fixed,Credit Card,44,1729.19,79315.26,77,52,6,1,7,2,45.4,1,5,1,0,0
AC-2384,Zenith Corp,Enterprise Tech,SMB,1-Year Fixed,Credit Card,9,602.56,5208.07,11,6,5,1,8,13,69.6,1,0,1,1,0
AC-2385,Apex Networks,E-Commerce,Enterprise,1-Year Fixed,ACH Direct Debit,67,4227.92,284488.38,110,44,4,1,8,0,49.9,1,5,0,0,0
AC-2386,Vortex Solutions,Manufacturing,SMB,Month-to-Month,Manual Wire,54,273.35,14486.36,14,4,4,0,6,22,100.0,1,10,1,0,0
AC-2387,Acme Labs,Logistics,Mid-Market,Month-to-Month,Auto-Invoice,26,636.76,16177.32,66,30,4,0,6,0,78.8,1,0,1,1,0
AC-2388,Vortex Cloud,E-Commerce,Mid-Market,Month-to-Month,Auto-Invoice,26,1127.43,29740.67,23,9,7,1,5,17,85.4,1,0,0,1,0
AC-2389,Acme Health,Enterprise Tech,Enterprise,1-Year Fixed,Manual Wire,34,4362.94,144353.13,73,62,3,1,6,4,67.5,0,5,1,1,0
AC-2390,Apex Cloud,Financial Services,Enterprise,Month-to-Month,Credit Card,8,1642.32,13685.6,342,130,0,1,5,7,49.9,1,5,0,0,0
AC-2391,Nexus Corp,Financial Services,SMB,Month-to-Month,Credit Card,10,453.4,4491.4,5,4,3,0,9,1,58.7,1,5,1,1,0
AC-2392,Solstice Networks,Enterprise Tech,Enterprise,3-Year Enterprise,Credit Card,48,4316.49,210866.59,228,130,5,2,5,6,72.6,1,5,1,1,0
AC-2393,Titan Corp,Healthcare,SMB,Month-to-Month,Auto-Invoice,55,781.58,43965.95,8,3,2,1,7,13,56.5,0,0,1,1,1
AC-2394,Vortex Networks,Healthcare,Mid-Market,2-Year Fixed,ACH Direct Debit,54,903.47,49679.9,66,57,4,1,7,0,80.1,1,0,1,1,0
AC-2395,Hyperion Global,Financial Services,Enterprise,2-Year Fixed,ACH Direct Debit,40,4125.83,171690.64,478,337,1,0,9,0,80.8,1,15,1,1,0
AC-2396,Hyperion Cloud,Financial Services,Enterprise,Month-to-Month,Auto-Invoice,15,2608.1,38069.64,112,52,4,0,9,2,68.1,1,0,1,1,0
AC-2397,Velocity Technologies,Logistics,Mid-Market,Month-to-Month,Auto-Invoice,18,1700.8,29347.13,72,67,3,0,9,1,35.1,1,10,1,0,0
AC-2398,Crest Labs,Logistics,SMB,Month-to-Month,ACH Direct Debit,23,428.82,9424.42,20,7,8,0,8,0,98.9,0,5,1,1,1
AC-2399,Starlight Logistics,Financial Services,Mid-Market,1-Year Fixed,Auto-Invoice,62,892.38,57418.08,46,20,3,1,5,6,64.2,0,20,1,1,0
AC-2400,Crest Systems,Manufacturing,Mid-Market,1-Year Fixed,ACH Direct Debit,46,875.51,42179.55,25,21,2,1,5,1,100.0,1,0,1,1,0
AC-2401,Titan Technologies,Professional Services,Mid-Market,2-Year Fixed,Auto-Invoice,39,1499.61,57329.87,19,15,2,2,5,6,79.7,1,15,0,1,0
AC-2402,Vortex Global,Financial Services,Mid-Market,3-Year Enterprise,Credit Card,15,1241.32,18980.12,20,10,5,1,9,12,64.2,1,5,0,0,1
AC-2403,Solstice Capital,Financial Services,Mid-Market,1-Year Fixed,Manual Wire,53,1709.21,86139.46,35,12,5,0,7,6,76.1,1,0,1,1,0
AC-2404,Titan Technologies,Healthcare,SMB,Month-to-Month,Credit Card,64,597.03,37020.18,20,18,4,0,9,0,31.7,1,0,0,0,0
AC-2405,Nexus Networks,Professional Services,Mid-Market,Month-to-Month,Credit Card,63,1454.58,93373.02,41,21,5,0,9,5,86.5,0,5,1,1,0
AC-2406,Starlight Health,Manufacturing,Mid-Market,2-Year Fixed,Credit Card,16,1622.94,24839.78,17,7,1,2,6,3,100.0,1,5,1,0,0
AC-2407,Velocity Labs,Enterprise Tech,Enterprise,Month-to-Month,Auto-Invoice,70,3556.34,248159.88,222,147,5,2,7,2,30.4,1,5,0,1,0
AC-2408,Nexus Solutions,Financial Services,SMB,Month-to-Month,Auto-Invoice,66,764.35,51267.29,17,16,4,0,7,2,62.8,1,20,1,1,0
AC-2409,Aegis Solutions,Healthcare,Enterprise,2-Year Fixed,Manual Wire,13,2197.17,29322.87,172,57,4,0,7,16,66.1,0,5,1,1,0
AC-2410,Nexus Solutions,Healthcare,Enterprise,1-Year Fixed,ACH Direct Debit,47,2760.55,129146.63,61,51,5,1,6,8,83.8,0,5,1,1,0
AC-2411,Solstice Corp,Enterprise Tech,Mid-Market,3-Year Enterprise,Credit Card,9,1497.28,13651.08,56,39,2,0,10,0,100.0,0,15,1,1,0
AC-2412,Vortex Logistics,Manufacturing,Mid-Market,1-Year Fixed,Auto-Invoice,63,1332.46,84277.2,79,47,2,1,7,3,74.9,1,15,1,0,0
AC-2413,Acme Solutions,E-Commerce,Mid-Market,Month-to-Month,Auto-Invoice,34,1858.8,60369.81,74,61,2,0,7,2,100.0,1,0,0,1,0
AC-2414,Acme Technologies,Logistics,Mid-Market,3-Year Enterprise,Auto-Invoice,29,1617.25,48039.01,15,15,2,2,6,23,71.1,1,10,0,1,0
AC-2415,Apex Corp,Manufacturing,SMB,Month-to-Month,Credit Card,37,231.59,8288.08,17,8,5,1,9,23,76.1,0,5,1,1,1
AC-2416,Velocity Systems,E-Commerce,Enterprise,Month-to-Month,ACH Direct Debit,43,2748.04,112633.27,114,46,4,1,5,2,73.9,0,0,1,1,1
AC-2417,Solstice Technologies,Financial Services,SMB,1-Year Fixed,Credit Card,64,558.95,35598.11,13,12,0,0,8,2,90.0,1,0,1,1,0
AC-2418,Solstice Corp,E-Commerce,Mid-Market,Month-to-Month,ACH Direct Debit,24,916.83,22808.47,32,25,2,0,8,5,60.4,1,0,0,0,0
AC-2419,Nexus Global,Enterprise Tech,Mid-Market,1-Year Fixed,Auto-Invoice,71,624.26,42774.85,48,29,4,0,6,4,82.7,1,5,1,1,0
AC-2420,Acme Technologies,E-Commerce,Mid-Market,Month-to-Month,Auto-Invoice,34,1404.87,45438.72,15,11,6,1,8,1,45.8,0,0,1,0,0
AC-2421,Acme Labs,Enterprise Tech,Enterprise,1-Year Fixed,Auto-Invoice,48,1529.15,70536.48,490,403,5,0,8,6,62.9,1,5,1,0,0
AC-2422,Vortex Capital,E-Commerce,SMB,1-Year Fixed,Credit Card,12,642.75,7607.84,22,19,4,0,7,2,56.5,1,10,1,1,0
AC-2423,Omni Solutions,Enterprise Tech,Mid-Market,2-Year Fixed,Auto-Invoice,23,775.53,17980.19,75,71,5,1,7,6,69.6,0,10,1,1,1
AC-2424,Starlight Health,Enterprise Tech,Mid-Market,2-Year Fixed,Manual Wire,13,865.43,10905.21,36,22,6,0,7,2,62.3,1,10,1,0,1
AC-2425,Velocity Corp,Enterprise Tech,Mid-Market,Month-to-Month,Auto-Invoice,45,644.5,29878.27,64,32,1,1,7,7,88.4,0,10,1,1,0
AC-2426,Zenith Data,Enterprise Tech,SMB,1-Year Fixed,Manual Wire,65,772.34,51473.7,21,16,4,2,7,6,52.2,0,15,1,0,0
AC-2427,Crest Data,E-Commerce,Mid-Market,1-Year Fixed,Credit Card,47,1161.96,55681.77,42,25,1,1,5,4,36.8,1,15,0,1,0
AC-2428,Zenith Corp,E-Commerce,SMB,Month-to-Month,Manual Wire,58,351.83,20380.57,8,6,2,0,7,7,43.6,1,15,1,0,0
AC-2429,Vortex Data,Healthcare,Mid-Market,2-Year Fixed,Credit Card,5,1491.74,7358.17,49,29,6,1,8,3,85.9,0,0,1,0,0
AC-2430,Velocity Technologies,Enterprise Tech,Enterprise,2-Year Fixed,Manual Wire,5,2330.1,11505.55,103,42,3,0,7,0,50.5,1,0,1,1,1
AC-2431,Zenith Cloud,Enterprise Tech,Enterprise,Month-to-Month,Auto-Invoice,60,2633.29,158045.91,337,212,2,0,9,1,75.2,1,5,1,1,0
AC-2432,Solstice Solutions,Enterprise Tech,Mid-Market,1-Year Fixed,ACH Direct Debit,21,1185.08,23834.76,21,16,1,2,9,1,62.7,0,5,1,0,0
AC-2433,Crest Networks,Enterprise Tech,Enterprise,Month-to-Month,Manual Wire,24,2133.57,52139.19,87,75,0,0,5,0,82.8,0,0,1,0,0
AC-2434,Nexus Global,Manufacturing,Enterprise,1-Year Fixed,Auto-Invoice,18,2242.09,39758.34,419,270,1,2,7,7,63.8,1,0,1,0,0
AC-2435,Omni Global,Enterprise Tech,SMB,Month-to-Month,Auto-Invoice,21,593.34,12117.19,20,8,2,0,7,2,100.0,0,25,1,0,0
AC-2436,Vortex Logistics,Financial Services,SMB,3-Year Enterprise,Credit Card,54,555.47,29330.46,9,5,1,0,7,0,100.0,1,5,1,0,0
AC-2437,Acme Solutions,Enterprise Tech,Mid-Market,2-Year Fixed,Manual Wire,10,1526.73,14779.2,74,63,3,0,7,10,62.3,1,5,1,1,0
AC-2438,Solstice Cloud,Enterprise Tech,Enterprise,1-Year Fixed,Credit Card,24,4325.28,107975.27,493,290,5,0,8,7,59.9,0,0,1,1,0
AC-2439,Vortex Capital,Healthcare,Enterprise,1-Year Fixed,Credit Card,60,2447.54,141992.14,254,200,3,0,8,3,100.0,1,10,1,1,0
AC-2440,Velocity Health,E-Commerce,Enterprise,3-Year Enterprise,Auto-Invoice,57,2106.3,124656.48,415,272,4,1,10,1,48.6,0,5,1,0,0
AC-2441,Synergy Global,Enterprise Tech,Mid-Market,1-Year Fixed,Auto-Invoice,23,1420.73,32912.86,34,16,7,1,8,1,67.0,0,0,0,1,1
AC-2442,Acme Global,Enterprise Tech,SMB,Month-to-Month,ACH Direct Debit,22,453.97,10354.33,11,9,7,1,5,3,68.4,0,20,1,1,0
AC-2443,Omni Health,Financial Services,Mid-Market,1-Year Fixed,Auto-Invoice,68,1085.3,73608.99,65,23,1,1,6,13,68.0,1,15,1,0,0
AC-2444,Crest Global,Enterprise Tech,Enterprise,2-Year Fixed,Credit Card,34,3736.97,132490.36,480,320,6,1,8,1,36.7,1,10,1,1,1
AC-2445,Synergy Data,Enterprise Tech,Mid-Market,1-Year Fixed,Manual Wire,70,1730.58,117645.58,77,34,2,3,4,5,76.9,1,20,0,0,0
AC-2446,Apex Corp,Professional Services,Mid-Market,1-Year Fixed,Auto-Invoice,28,675.41,19014.91,75,26,3,3,4,20,50.5,1,5,1,0,1
AC-2447,Starlight Networks,E-Commerce,Mid-Market,2-Year Fixed,Credit Card,39,697.54,26186.19,76,50,7,1,7,6,93.8,0,10,0,0,0
AC-2448,Quantum Systems,Healthcare,Mid-Market,2-Year Fixed,Auto-Invoice,42,1216.73,50832.94,17,11,2,2,9,3,41.8,0,0,1,1,0
AC-2449,Omni Networks,Financial Services,Mid-Market,3-Year Enterprise,Credit Card,23,953.58,22085.66,40,32,4,2,10,7,69.1,0,10,0,0,0
AC-2450,Crest Corp,Financial Services,Enterprise,Month-to-Month,Auto-Invoice,70,3090.18,218598.49,308,253,5,0,7,10,28.1,0,0,1,1,1
AC-2451,Zenith Corp,Healthcare,Enterprise,1-Year Fixed,ACH Direct Debit,2,3358.21,6626.1,259,210,5,2,9,5,29.2,0,0,1,1,1
AC-2452,Starlight Data,E-Commerce,SMB,2-Year Fixed,Auto-Invoice,24,783.55,18008.49,18,11,2,3,7,12,52.9,1,5,1,1,0
AC-2453,Hyperion Networks,E-Commerce,Enterprise,2-Year Fixed,Credit Card,17,3610.74,62336.01,359,266,3,0,4,4,55.4,1,0,1,0,0
AC-2454,Vortex Labs,Enterprise Tech,Enterprise,1-Year Fixed,Credit Card,65,3135.33,203560.7,345,243,3,1,7,10,94.4,1,5,1,1,0
AC-2455,Starlight Global,Healthcare,Enterprise,Month-to-Month,Auto-Invoice,70,1558.98,105165.91,243,145,2,2,6,18,67.3,0,5,1,1,0
AC-2456,Synergy Cloud,Financial Services,Enterprise,2-Year Fixed,ACH Direct Debit,69,2604.58,187549.41,117,84,8,1,9,4,91.3,1,10,1,1,0
AC-2457,Crest Technologies,Manufacturing,Mid-Market,2-Year Fixed,Auto-Invoice,60,1075.85,67492.39,62,60,1,0,7,5,61.2,1,0,1,1,0
AC-2458,Solstice Networks,E-Commerce,SMB,Month-to-Month,Credit Card,50,415.6,21521.03,9,4,4,0,5,5,78.9,1,0,1,0,1
AC-2459,Omni Technologies,Healthcare,Mid-Market,1-Year Fixed,Auto-Invoice,12,669.71,8312.87,69,64,1,1,4,9,54.9,0,10,1,0,1
AC-2460,Omni Networks,Enterprise Tech,Mid-Market,Month-to-Month,Credit Card,47,1090.27,49186.17,75,25,2,0,7,10,53.7,1,10,0,1,1
AC-2461,Vortex Cloud,E-Commerce,Mid-Market,Month-to-Month,Auto-Invoice,67,766.14,53864.17,46,24,4,0,2,0,35.2,1,0,1,1,0
AC-2462,Omni Technologies,Enterprise Tech,Mid-Market,Month-to-Month,Credit Card,65,640.57,41222.26,60,30,2,0,6,8,74.0,1,5,1,0,0
AC-2463,Hyperion Labs,Financial Services,SMB,1-Year Fixed,Auto-Invoice,27,745.35,19446.5,16,12,2,1,8,9,72.7,1,15,1,0,0
AC-2464,Titan Networks,Enterprise Tech,SMB,1-Year Fixed,ACH Direct Debit,48,319.37,15808.2,15,6,6,1,5,7,82.0,1,0,1,0,0
AC-2465,Titan Capital,E-Commerce,Enterprise,1-Year Fixed,Auto-Invoice,62,4547.17,274192.22,467,429,4,1,9,7,71.9,0,5,1,1,0
AC-2466,Synergy Labs,Enterprise Tech,SMB,1-Year Fixed,ACH Direct Debit,44,731.05,32250.4,15,13,2,1,10,0,100.0,1,5,1,0,0
AC-2467,Apex Labs,Financial Services,Mid-Market,2-Year Fixed,ACH Direct Debit,19,1789.55,32736.65,60,45,3,3,5,3,71.2,0,20,1,0,0
AC-2468,Titan Solutions,Manufacturing,SMB,Month-to-Month,Auto-Invoice,59,348.11,20486.42,19,12,2,0,7,10,85.9,0,0,1,1,1
AC-2469,Zenith Labs,Enterprise Tech,Mid-Market,Month-to-Month,Credit Card,8,1955.52,15735.12,52,50,3,1,9,16,62.2,1,5,1,1,0
AC-2470,Omni Solutions,Healthcare,SMB,2-Year Fixed,Auto-Invoice,55,731.45,40012.2,22,19,6,3,7,1,51.6,1,15,0,1,0
AC-2471,Omni Corp,Financial Services,SMB,Month-to-Month,Auto-Invoice,47,378.95,17043.88,20,13,0,0,4,5,80.9,0,5,1,1,0
AC-2472,Apex Global,Enterprise Tech,Enterprise,3-Year Enterprise,ACH Direct Debit,2,2346.14,4685.21,429,339,4,0,7,10,66.4,1,5,1,1,0
AC-2473,Apex Data,Logistics,Mid-Market,2-Year Fixed,Credit Card,39,1589.93,61814.69,33,23,5,0,5,8,83.0,1,0,0,1,0
AC-2474,Aegis Labs,Enterprise Tech,SMB,1-Year Fixed,Credit Card,45,799.89,35137.0,6,4,5,0,10,5,74.4,1,25,1,0,0
AC-2475,Starlight Networks,Healthcare,SMB,3-Year Enterprise,Auto-Invoice,32,520.09,17344.55,19,10,2,0,8,0,53.7,0,15,1,1,0
AC-2476,Omni Logistics,Healthcare,Enterprise,Month-to-Month,Auto-Invoice,65,2810.78,181198.76,364,227,5,2,7,7,87.3,1,10,1,0,0
AC-2477,Solstice Corp,E-Commerce,Mid-Market,Month-to-Month,Auto-Invoice,38,1654.1,65144.48,77,27,4,1,7,9,52.3,0,0,0,0,1
AC-2478,Vortex Corp,E-Commerce,Mid-Market,1-Year Fixed,ACH Direct Debit,11,1194.39,12625.46,60,33,1,2,4,7,79.3,0,0,1,0,1
AC-2479,Crest Solutions,Financial Services,Enterprise,1-Year Fixed,Credit Card,10,4579.35,44964.08,65,51,4,2,6,8,91.1,1,5,0,1,0
AC-2480,Quantum Global,Enterprise Tech,Mid-Market,3-Year Enterprise,ACH Direct Debit,59,1828.69,104400.56,22,21,3,1,10,3,61.1,0,0,1,1,0
AC-2481,Acme Corp,E-Commerce,Enterprise,Month-to-Month,Auto-Invoice,55,1521.43,82912.24,203,198,7,0,7,31,88.8,0,10,1,1,0
AC-2482,Zenith Technologies,Healthcare,SMB,1-Year Fixed,Auto-Invoice,20,712.13,13689.47,13,9,3,1,9,9,75.2,1,10,1,1,0
AC-2483,Titan Labs,Logistics,Mid-Market,1-Year Fixed,Auto-Invoice,17,815.97,13789.7,33,24,4,0,8,5,83.3,0,15,1,0,0
AC-2484,Titan Systems,Logistics,SMB,1-Year Fixed,Auto-Invoice,68,724.23,48527.99,10,4,2,0,10,16,52.9,0,0,1,0,0
AC-2485,Acme Systems,Logistics,Enterprise,Month-to-Month,Auto-Invoice,5,2809.81,13660.33,72,57,2,1,3,14,71.9,1,10,1,1,1
AC-2486,Quantum Health,Healthcare,Mid-Market,1-Year Fixed,ACH Direct Debit,60,917.02,55803.49,70,24,2,1,7,10,42.7,1,15,1,0,0
AC-2487,Acme Systems,Financial Services,Enterprise,2-Year Fixed,ACH Direct Debit,23,3857.35,92719.49,86,43,1,2,10,5,98.8,1,5,1,0,0
AC-2488,Vortex Data,Logistics,Enterprise,Month-to-Month,Credit Card,46,1683.41,75168.84,377,289,4,0,9,4,31.7,1,15,1,1,0
AC-2489,Zenith Systems,Healthcare,Enterprise,2-Year Fixed,Credit Card,52,3112.81,165294.3,439,227,3,0,10,2,61.6,1,0,1,1,0
AC-2490,Titan Solutions,Enterprise Tech,Enterprise,1-Year Fixed,Auto-Invoice,10,3411.08,34937.58,214,72,2,1,7,1,51.2,1,10,1,0,0
AC-2491,Titan Data,Manufacturing,Mid-Market,2-Year Fixed,ACH Direct Debit,46,1484.3,68264.97,78,69,2,0,6,4,80.1,0,20,1,1,0
AC-2492,Quantum Labs,Manufacturing,Enterprise,2-Year Fixed,Auto-Invoice,28,2837.02,82595.5,199,103,1,0,5,5,100.0,0,5,1,1,0
AC-2493,Crest Cloud,Healthcare,Mid-Market,Month-to-Month,Manual Wire,43,925.06,41632.77,37,13,3,0,5,1,79.8,1,5,1,0,0
AC-2494,Synergy Solutions,Enterprise Tech,Mid-Market,1-Year Fixed,Credit Card,26,1830.25,46930.98,53,19,5,0,9,15,100.0,1,0,1,0,0
AC-2495,Quantum Cloud,Financial Services,SMB,2-Year Fixed,Auto-Invoice,55,525.97,29365.26,18,9,2,2,8,5,43.2,1,10,1,0,0
AC-2496,Hyperion Capital,Logistics,SMB,1-Year Fixed,Manual Wire,48,546.39,26652.15,18,8,4,1,7,4,44.6,0,10,1,0,0
AC-2497,Apex Systems,Manufacturing,Mid-Market,3-Year Enterprise,Auto-Invoice,29,649.85,18664.04,75,63,4,1,8,3,51.9,0,0,1,0,1
AC-2498,Crest Networks,Enterprise Tech,Mid-Market,1-Year Fixed,Credit Card,27,1726.35,45757.49,69,36,6,1,7,0,70.2,1,15,1,1,1
AC-2499,Quantum Global,Enterprise Tech,Enterprise,Month-to-Month,Credit Card,18,4023.24,75559.42,456,394,1,1,9,13,49.5,1,15,1,1,0
AC-2500,Omni Data,Manufacturing,SMB,1-Year Fixed,Auto-Invoice,60,604.41,37316.21,18,8,4,0,9,2,54.5,1,20,1,1,0
